image_path,sofifa_id,short_name,primary_position,role,label
/kaggle/working/images/Goalkeeper/207926.png,207926,A. Linde,GK,Goalkeeper,0
/kaggle/working/images/Goalkeeper/263851.png,263851,A. Paulsen,GK,Goalkeeper,0
/kaggle/working/images/Goalkeeper/247894.png,247894,Ș. Fara,GK,Goalkeeper,0
/kaggle/working/images/Goalkeeper/252730.png,252730,R. Sinclair,GK,Goalkeeper,0
/kaggle/working/images/Goalkeeper/223573.png,223573,Munir,GK,Goalkeeper,0
/kaggle/working/images/Goalkeeper/247626.png,247626,D. Singh Moirangthem,GK,Goalkeeper,0
/kaggle/working/images/Goalkeeper/247944.png,247944,C. Straton,GK,Goalkeeper,0
/kaggle/working/images/Goalkeeper/158121.png,158121,B. Costil,GK,Goalkeeper,0
/kaggle/working/images/Goalkeeper/216175.png,216175,C. Stanković,GK,Goalkeeper,0
/kaggle/working/images/Goalkeeper/193911.png,193911,S. Paul,GK,Goalkeeper,0
/kaggle/working/images/Goalkeeper/263171.png,263171,V. Lesieur,GK,Goalkeeper,0
/kaggle/working/images/Goalkeeper/232654.png,232654,L. Malagón,GK,Goalkeeper,0
/kaggle/working/images/Goalkeeper/214582.png,214582,C. Bonilla,GK,Goalkeeper,0
/kaggle/working/images/Goalkeeper/255994.png,255994,V. Mendoza,GK,Goalkeeper,0
/kaggle/working/images/Goalkeeper/156253.png,156253,J. Lewis,GK,Goalkeeper,0
/kaggle/working/images/Goalkeeper/244712.png,244712,K. Silva,GK,Goalkeeper,0
/kaggle/working/images/Goalkeeper/257085.png,257085,T. Ur,GK,Goalkeeper,0
/kaggle/working/images/Goalkeeper/233267.png,233267,M. Turner,GK,Goalkeeper,0
/kaggle/working/images/Goalkeeper/205186.png,205186,P. Gazzaniga,GK,Goalkeeper,0
/kaggle/working/images/Goalkeeper/236241.png,236241,G. Viscarra,GK,Goalkeeper,0
/kaggle/working/images/Goalkeeper/210140.png,210140,A. Al Mayoof,GK,Goalkeeper,0
/kaggle/working/images/Goalkeeper/224599.png,224599,Yan Junling,GK,Goalkeeper,0
/kaggle/working/images/Goalkeeper/260106.png,260106,G. Singh,GK,Goalkeeper,0
/kaggle/working/images/Goalkeeper/215491.png,215491,K. Rosa,GK,Goalkeeper,0
/kaggle/working/images/Goalkeeper/217805.png,217805,A. Martín Arias,GK,Goalkeeper,0
/kaggle/working/images/Goalkeeper/230893.png,230893,O. Evans,GK,Goalkeeper,0
/kaggle/working/images/Goalkeeper/181468.png,181468,D. Bouzanis,GK,Goalkeeper,0
/kaggle/working/images/Goalkeeper/206652.png,206652,Sergio Rico,GK,Goalkeeper,0
/kaggle/working/images/Goalkeeper/248301.png,248301,K. Singh,GK,Goalkeeper,0
/kaggle/working/images/Goalkeeper/261449.png,261449,M. Johnen,GK,Goalkeeper,0
/kaggle/working/images/Goalkeeper/213626.png,213626,F. Hurtado,GK,Goalkeeper,0
/kaggle/working/images/Goalkeeper/240838.png,240838,B. Wade,GK,Goalkeeper,0
/kaggle/working/images/Goalkeeper/258928.png,258928,V. Sinisalo,GK,Goalkeeper,0
/kaggle/working/images/Goalkeeper/237525.png,237525,A. Bodart,GK,Goalkeeper,0
/kaggle/working/images/Goalkeeper/239272.png,239272,V. Barkas,GK,Goalkeeper,0
/kaggle/working/images/Goalkeeper/186990.png,186990,H. González,GK,Goalkeeper,0
/kaggle/working/images/Goalkeeper/236252.png,236252,V. Karakuş,GK,Goalkeeper,0
/kaggle/working/images/Goalkeeper/231413.png,231413,M. Verrips,GK,Goalkeeper,0
/kaggle/working/images/Goalkeeper/239846.png,239846,P. Tsintotas,GK,Goalkeeper,0
/kaggle/working/images/Goalkeeper/234994.png,234994,Ratón,GK,Goalkeeper,0
/kaggle/working/images/Goalkeeper/197641.png,197641,B. Leroy,GK,Goalkeeper,0
/kaggle/working/images/Goalkeeper/204842.png,204842,Y. Brecher,GK,Goalkeeper,0
/kaggle/working/images/Goalkeeper/240212.png,240212,D. Petković,GK,Goalkeeper,0
/kaggle/working/images/Goalkeeper/195057.png,195057,S. Fox,GK,Goalkeeper,0
/kaggle/working/images/Goalkeeper/257854.png,257854,J. Newman,GK,Goalkeeper,0
/kaggle/working/images/Goalkeeper/244262.png,244262,D. Horkaš,GK,Goalkeeper,0
/kaggle/working/images/Goalkeeper/182365.png,182365,J. Jones,GK,Goalkeeper,0
/kaggle/working/images/Goalkeeper/239342.png,239342,H. Koffi,GK,Goalkeeper,0
/kaggle/working/images/Goalkeeper/219736.png,219736,E. Horvath,GK,Goalkeeper,0
/kaggle/working/images/Goalkeeper/264184.png,264184,Aritz de Miguel,GK,Goalkeeper,0
/kaggle/working/images/Goalkeeper/183743.png,183743,A. Blanco,GK,Goalkeeper,0
/kaggle/working/images/Goalkeeper/258659.png,258659,M. Al Shammari,GK,Goalkeeper,0
/kaggle/working/images/Goalkeeper/229817.png,229817,R. Swete,GK,Goalkeeper,0
/kaggle/working/images/Goalkeeper/240346.png,240346,S. George,GK,Goalkeeper,0
/kaggle/working/images/Goalkeeper/193331.png,193331,K. Darlow,GK,Goalkeeper,0
/kaggle/working/images/Goalkeeper/199721.png,199721,M. Gorgelin,GK,Goalkeeper,0
/kaggle/working/images/Goalkeeper/182047.png,182047,Wu Yan,GK,Goalkeeper,0
/kaggle/working/images/Goalkeeper/227497.png,227497,M. Fraisl,GK,Goalkeeper,0
/kaggle/working/images/Goalkeeper/248073.png,248073,Ș. Târnovanu,GK,Goalkeeper,0
/kaggle/working/images/Goalkeeper/163264.png,163264,T. Heaton,GK,Goalkeeper,0
/kaggle/working/images/Goalkeeper/211738.png,211738,M. Flekken,GK,Goalkeeper,0
/kaggle/working/images/Goalkeeper/238969.png,238969,R. Laidlaw,GK,Goalkeeper,0
/kaggle/working/images/Goalkeeper/205352.png,205352,J. Archer,GK,Goalkeeper,0
/kaggle/working/images/Goalkeeper/232713.png,232713,D. Sappa,GK,Goalkeeper,0
/kaggle/working/images/Goalkeeper/193698.png,193698,O. Baumann,GK,Goalkeeper,0
/kaggle/working/images/Goalkeeper/259705.png,259705,O. Toledo,GK,Goalkeeper,0
/kaggle/working/images/Goalkeeper/222572.png,222572,Iván Villar,GK,Goalkeeper,0
/kaggle/working/images/Goalkeeper/180739.png,180739,E. Kawashima,GK,Goalkeeper,0
/kaggle/working/images/Goalkeeper/229429.png,229429,K. McKenzie-Lyle,GK,Goalkeeper,0
/kaggle/working/images/Goalkeeper/208573.png,208573,M. Dyngeland,GK,Goalkeeper,0
/kaggle/working/images/Goalkeeper/261417.png,261417,K. Mier,GK,Goalkeeper,0
/kaggle/working/images/Goalkeeper/241643.png,241643,V. Johansson,GK,Goalkeeper,0
/kaggle/working/images/Goalkeeper/225647.png,225647,M. Campaña,GK,Goalkeeper,0
/kaggle/working/images/Goalkeeper/246158.png,246158,M. Hermansen,GK,Goalkeeper,0
/kaggle/working/images/Goalkeeper/244191.png,244191,J. Anang,GK,Goalkeeper,0
/kaggle/working/images/Goalkeeper/259729.png,259729,P. Lachenpa,GK,Goalkeeper,0
/kaggle/working/images/Goalkeeper/211053.png,211053,L. Johansson,GK,Goalkeeper,0
/kaggle/working/images/Goalkeeper/1179.png,1179,G. Buffon,GK,Goalkeeper,0
/kaggle/working/images/Goalkeeper/234371.png,234371,R. Descamps,GK,Goalkeeper,0
/kaggle/working/images/Goalkeeper/227186.png,227186,A. Batalla,GK,Goalkeeper,0
/kaggle/working/images/Goalkeeper/248860.png,248860,S. Mustafá,GK,Goalkeeper,0
/kaggle/working/images/Goalkeeper/254714.png,254714,J. Espínola,GK,Goalkeeper,0
/kaggle/working/images/Goalkeeper/212392.png,212392,R. Stewart,GK,Goalkeeper,0
/kaggle/working/images/Goalkeeper/214415.png,214415,E. Chaux,GK,Goalkeeper,0
/kaggle/working/images/Goalkeeper/214035.png,214035,J. Martínez,GK,Goalkeeper,0
/kaggle/working/images/Goalkeeper/216833.png,216833,J. Houwen,GK,Goalkeeper,0
/kaggle/working/images/Goalkeeper/234260.png,234260,A. Fisher,GK,Goalkeeper,0
/kaggle/working/images/Goalkeeper/192317.png,192317,J. Steer,GK,Goalkeeper,0
/kaggle/working/images/Goalkeeper/240339.png,240339,J. Granlund,GK,Goalkeeper,0
/kaggle/working/images/Goalkeeper/53110.png,53110,C. Gordon,GK,Goalkeeper,0
/kaggle/working/images/Goalkeeper/204246.png,204246,M. Bettinelli,GK,Goalkeeper,0
/kaggle/working/images/Goalkeeper/254792.png,254792,M. Al Mahasna,GK,Goalkeeper,0
/kaggle/working/images/Goalkeeper/261958.png,261958,Gao Xiang,GK,Goalkeeper,0
/kaggle/working/images/Goalkeeper/178022.png,178022,C. Gönen,GK,Goalkeeper,0
/kaggle/working/images/Goalkeeper/216245.png,216245,L. Cárdenas,GK,Goalkeeper,0
/kaggle/working/images/Goalkeeper/173857.png,173857,M. Andújar,GK,Goalkeeper,0
/kaggle/working/images/Goalkeeper/138798.png,138798,G. Lux,GK,Goalkeeper,0
/kaggle/working/images/Goalkeeper/261658.png,261658,K. Atheba,GK,Goalkeeper,0
/kaggle/working/images/Goalkeeper/226450.png,226450,M. Awaji,GK,Goalkeeper,0
/kaggle/working/images/Goalkeeper/256529.png,256529,V. Bernedo,GK,Goalkeeper,0
/kaggle/working/images/Goalkeeper/162220.png,162220,S. Bolat,GK,Goalkeeper,0
/kaggle/working/images/Goalkeeper/242073.png,242073,J. Blázquez,GK,Goalkeeper,0
/kaggle/working/images/Goalkeeper/200798.png,200798,Marafona,GK,Goalkeeper,0
/kaggle/working/images/Goalkeeper/190569.png,190569,S. Frei,GK,Goalkeeper,0
/kaggle/working/images/Goalkeeper/233791.png,233791,A. Maksimenko,GK,Goalkeeper,0
/kaggle/working/images/Goalkeeper/49000.png,49000,A. McGregor,GK,Goalkeeper,0
/kaggle/working/images/Goalkeeper/190061.png,190061,S. Deana,GK,Goalkeeper,0
/kaggle/working/images/Goalkeeper/260735.png,260735,J. Semidey,GK,Goalkeeper,0
/kaggle/working/images/Goalkeeper/261562.png,261562,C. Torres,GK,Goalkeeper,0
/kaggle/working/images/Goalkeeper/235840.png,235840,M. Di Gregorio,GK,Goalkeeper,0
/kaggle/working/images/Goalkeeper/204549.png,204549,D. Roef,GK,Goalkeeper,0
/kaggle/working/images/Goalkeeper/259314.png,259314,Pere Joan,GK,Goalkeeper,0
/kaggle/working/images/Goalkeeper/239320.png,239320,B. House,GK,Goalkeeper,0
/kaggle/working/images/Goalkeeper/253688.png,253688,M. Popa,GK,Goalkeeper,0
/kaggle/working/images/Goalkeeper/263057.png,263057,T. Silić,GK,Goalkeeper,0
/kaggle/working/images/Goalkeeper/191848.png,191848,W. Abdullah,GK,Goalkeeper,0
/kaggle/working/images/Goalkeeper/262463.png,262463,V. Drăghia,GK,Goalkeeper,0
/kaggle/working/images/Goalkeeper/206065.png,206065,S. Sluga,GK,Goalkeeper,0
/kaggle/working/images/Goalkeeper/189586.png,189586,D. Hernández,GK,Goalkeeper,0
/kaggle/working/images/Goalkeeper/235806.png,235806,G. Satalino,GK,Goalkeeper,0
/kaggle/working/images/Goalkeeper/203042.png,203042,J. Butland,GK,Goalkeeper,0
/kaggle/working/images/Goalkeeper/233030.png,233030,F. Pizzicanella,GK,Goalkeeper,0
/kaggle/working/images/Goalkeeper/251772.png,251772,E. Pérez,GK,Goalkeeper,0
/kaggle/working/images/Goalkeeper/257392.png,257392,J. Kroesen,GK,Goalkeeper,0
/kaggle/working/images/Goalkeeper/234777.png,234777,Z. Steffen,GK,Goalkeeper,0
/kaggle/working/images/Goalkeeper/243566.png,243566,T. Herbots,GK,Goalkeeper,0
/kaggle/working/images/Goalkeeper/245558.png,245558,G. Maley,GK,Goalkeeper,0
/kaggle/working/images/Goalkeeper/171574.png,171574,Santamaría,GK,Goalkeeper,0
/kaggle/working/images/Goalkeeper/189117.png,189117,R. Bürki,GK,Goalkeeper,0
/kaggle/working/images/Goalkeeper/263286.png,263286,A. Mandous,GK,Goalkeeper,0
/kaggle/working/images/Goalkeeper/262718.png,262718,F. Ravizzoli,GK,Goalkeeper,0
/kaggle/working/images/Goalkeeper/244256.png,244256,D. Bielica,GK,Goalkeeper,0
/kaggle/working/images/Goalkeeper/257304.png,257304,A. Helac,GK,Goalkeeper,0
/kaggle/working/images/Goalkeeper/235590.png,235590,P. Sisniega,GK,Goalkeeper,0
/kaggle/working/images/Goalkeeper/209423.png,209423,M. Michel,GK,Goalkeeper,0
/kaggle/working/images/Goalkeeper/175934.png,175934,K. Steppe,GK,Goalkeeper,0
/kaggle/working/images/Goalkeeper/208987.png,208987,I. Zaid,GK,Goalkeeper,0
/kaggle/working/images/Goalkeeper/164505.png,164505,B. Guzan,GK,Goalkeeper,0
/kaggle/working/images/Goalkeeper/264553.png,264553,L. Ayoví,GK,Goalkeeper,0
/kaggle/working/images/Goalkeeper/220944.png,220944,J. Wildsmith,GK,Goalkeeper,0
/kaggle/working/images/Goalkeeper/222546.png,222546,L. Zingerle,GK,Goalkeeper,0
/kaggle/working/images/Goalkeeper/247077.png,247077,A. Saipi,GK,Goalkeeper,0
/kaggle/working/images/Goalkeeper/247506.png,247506,M. Freese,GK,Goalkeeper,0
/kaggle/working/images/Goalkeeper/215213.png,215213,A. Werner,GK,Goalkeeper,0
/kaggle/working/images/Goalkeeper/258962.png,258962,Long Wenhao,GK,Goalkeeper,0
/kaggle/working/images/Goalkeeper/221790.png,221790,D. Primel,GK,Goalkeeper,0
/kaggle/working/images/Goalkeeper/217649.png,217649,S. Gonda,GK,Goalkeeper,0
/kaggle/working/images/Goalkeeper/253791.png,253791,C. Varela,GK,Goalkeeper,0
/kaggle/working/images/Goalkeeper/255986.png,255986,P. McGarvey,GK,Goalkeeper,0
/kaggle/working/images/Goalkeeper/228562.png,228562,R. Sallinger,GK,Goalkeeper,0
/kaggle/working/images/Goalkeeper/184084.png,184084,M. Dreyer,GK,Goalkeeper,0
/kaggle/working/images/Goalkeeper/217502.png,217502,A. Kofler,GK,Goalkeeper,0
/kaggle/working/images/Goalkeeper/238503.png,238503,L. Weinkauf,GK,Goalkeeper,0
/kaggle/working/images/Goalkeeper/236583.png,236583,J. Pavlenka,GK,Goalkeeper,0
/kaggle/working/images/Goalkeeper/258085.png,258085,E. Dos Santos Haesler,GK,Goalkeeper,0
/kaggle/working/images/Goalkeeper/139476.png,139476,D. Gerken,GK,Goalkeeper,0
/kaggle/working/images/Goalkeeper/226085.png,226085,Léo Jardim,GK,Goalkeeper,0
/kaggle/working/images/Goalkeeper/246843.png,246843,E. González,GK,Goalkeeper,0
/kaggle/working/images/Goalkeeper/242514.png,242514,F. Plach,GK,Goalkeeper,0
/kaggle/working/images/Goalkeeper/190435.png,190435,Tomeu Nadal,GK,Goalkeeper,0
/kaggle/working/images/Goalkeeper/206218.png,206218,P. Nardi,GK,Goalkeeper,0
/kaggle/working/images/Goalkeeper/260847.png,260847,T. Hayakawa,GK,Goalkeeper,0
/kaggle/working/images/Goalkeeper/241099.png,241099,L. Finochietto,GK,Goalkeeper,0
/kaggle/working/images/Goalkeeper/242983.png,242983,J. McCracken,GK,Goalkeeper,0
/kaggle/working/images/Goalkeeper/231172.png,231172,J. Holmes,GK,Goalkeeper,0
/kaggle/working/images/Goalkeeper/262305.png,262305,Chanza,GK,Goalkeeper,0
/kaggle/working/images/Goalkeeper/255991.png,255991,R. Bettocchi,GK,Goalkeeper,0
/kaggle/working/images/Goalkeeper/189024.png,189024,M. Banguera,GK,Goalkeeper,0
/kaggle/working/images/Goalkeeper/53739.png,53739,L. Grant,GK,Goalkeeper,0
/kaggle/working/images/Goalkeeper/251818.png,251818,L. Requena,GK,Goalkeeper,0
/kaggle/working/images/Goalkeeper/255308.png,255308,R. Bacchia,GK,Goalkeeper,0
/kaggle/working/images/Goalkeeper/244467.png,244467,O. Kolář,GK,Goalkeeper,0
/kaggle/working/images/Goalkeeper/244809.png,244809,M. Dewhurst,GK,Goalkeeper,0
/kaggle/working/images/Goalkeeper/224204.png,224204,S. Kroll,GK,Goalkeeper,0
/kaggle/working/images/Goalkeeper/262646.png,262646,M. Biegański,GK,Goalkeeper,0
/kaggle/working/images/Goalkeeper/228736.png,228736,W. Faríñez,GK,Goalkeeper,0
/kaggle/working/images/Goalkeeper/214353.png,214353,W. Cuesta,GK,Goalkeeper,0
/kaggle/working/images/Goalkeeper/188836.png,188836,J. Steele,GK,Goalkeeper,0
/kaggle/working/images/Goalkeeper/236963.png,236963,R. Niczuly,GK,Goalkeeper,0
/kaggle/working/images/Goalkeeper/231545.png,231545,Miguel Silva,GK,Goalkeeper,0
/kaggle/working/images/Goalkeeper/243737.png,243737,M. Kamenz,GK,Goalkeeper,0
/kaggle/working/images/Goalkeeper/2147.png,2147,M. Stekelenburg,GK,Goalkeeper,0
/kaggle/working/images/Goalkeeper/202793.png,202793,A. Berardi,GK,Goalkeeper,0
/kaggle/working/images/Goalkeeper/193912.png,193912,S. Roy,GK,Goalkeeper,0
/kaggle/working/images/Goalkeeper/223843.png,223843,D. Frascarelli,GK,Goalkeeper,0
/kaggle/working/images/Goalkeeper/248214.png,248214,A. Poplevchenkov,GK,Goalkeeper,0
/kaggle/working/images/Goalkeeper/191685.png,191685,Kim Keun Bae,GK,Goalkeeper,0
/kaggle/working/images/Goalkeeper/250831.png,250831,C. Boyce-Clarke,GK,Goalkeeper,0
/kaggle/working/images/Goalkeeper/151885.png,151885,W. Biebauw,GK,Goalkeeper,0
/kaggle/working/images/Goalkeeper/228505.png,228505,P. Pentz,GK,Goalkeeper,0
/kaggle/working/images/Goalkeeper/221087.png,221087,Pau López,GK,Goalkeeper,0
/kaggle/working/images/Goalkeeper/263137.png,263137,D. Skubl,GK,Goalkeeper,0
/kaggle/working/images/Goalkeeper/184282.png,184282,R. Lainton,GK,Goalkeeper,0
/kaggle/working/images/Goalkeeper/235931.png,235931,M. Şengezer,GK,Goalkeeper,0
/kaggle/working/images/Goalkeeper/263314.png,263314,D. Dutu,GK,Goalkeeper,0
/kaggle/working/images/Goalkeeper/255079.png,255079,Y. Obata,GK,Goalkeeper,0
/kaggle/working/images/Goalkeeper/263760.png,263760,G. Ratcliffe,GK,Goalkeeper,0
/kaggle/working/images/Goalkeeper/242200.png,242200,T. Rönning,GK,Goalkeeper,0
/kaggle/working/images/Goalkeeper/243189.png,243189,T. Nagaishi,GK,Goalkeeper,0
/kaggle/working/images/Goalkeeper/258248.png,258248,D. Krzysztofek,GK,Goalkeeper,0
/kaggle/working/images/Goalkeeper/213954.png,213954,A. Mitryushkin,GK,Goalkeeper,0
/kaggle/working/images/Goalkeeper/224761.png,224761,T. Loska,GK,Goalkeeper,0
/kaggle/working/images/Goalkeeper/169404.png,169404,J. Fejzić,GK,Goalkeeper,0
/kaggle/working/images/Goalkeeper/231878.png,231878,T. Miller,GK,Goalkeeper,0
/kaggle/working/images/Goalkeeper/243778.png,243778,M. Hiller,GK,Goalkeeper,0
/kaggle/working/images/Goalkeeper/262922.png,262922,P. Tschernuth,GK,Goalkeeper,0
/kaggle/working/images/Goalkeeper/244567.png,244567,A. Putna,GK,Goalkeeper,0
/kaggle/working/images/Goalkeeper/251157.png,251157,Lee Gwang Yeon,GK,Goalkeeper,0
/kaggle/working/images/Goalkeeper/212432.png,212432,Jo Hyeon Woo,GK,Goalkeeper,0
/kaggle/working/images/Goalkeeper/199526.png,199526,B. Megyeri,GK,Goalkeeper,0
/kaggle/working/images/Goalkeeper/193247.png,193247,H. Lindner,GK,Goalkeeper,0
/kaggle/working/images/Goalkeeper/257480.png,257480,M. Raab,GK,Goalkeeper,0
/kaggle/working/images/Goalkeeper/157734.png,157734,A. Jaakkola,GK,Goalkeeper,0
/kaggle/working/images/Goalkeeper/232507.png,232507,R. Hironaga,GK,Goalkeeper,0
/kaggle/working/images/Goalkeeper/192665.png,192665,A. Luthe,GK,Goalkeeper,0
/kaggle/working/images/Goalkeeper/229909.png,229909,A. Lunev,GK,Goalkeeper,0
/kaggle/working/images/Goalkeeper/251423.png,251423,G. Shelvey,GK,Goalkeeper,0
/kaggle/working/images/Goalkeeper/251136.png,251136,H. Moldovan,GK,Goalkeeper,0
/kaggle/working/images/Goalkeeper/206500.png,206500,J. Maxted,GK,Goalkeeper,0
/kaggle/working/images/Goalkeeper/220604.png,220604,Jaume,GK,Goalkeeper,0
/kaggle/working/images/Goalkeeper/263254.png,263254,A. Savin,GK,Goalkeeper,0
/kaggle/working/images/Goalkeeper/223868.png,223868,T. Schützenauer,GK,Goalkeeper,0
/kaggle/working/images/Goalkeeper/260527.png,260527,K. Nagai,GK,Goalkeeper,0
/kaggle/working/images/Goalkeeper/245056.png,245056,K. Bucker,GK,Goalkeeper,0
/kaggle/working/images/Goalkeeper/259206.png,259206,A. Stergiakis,GK,Goalkeeper,0
/kaggle/working/images/Goalkeeper/244417.png,244417,J. Krahl,GK,Goalkeeper,0
/kaggle/working/images/Goalkeeper/52679.png,52679,J. Murphy,GK,Goalkeeper,0
/kaggle/working/images/Goalkeeper/208894.png,208894,F. Bednarek,GK,Goalkeeper,0
/kaggle/working/images/Goalkeeper/250797.png,250797,P. Ortíz,GK,Goalkeeper,0
/kaggle/working/images/Goalkeeper/258362.png,258362,Phelipe,GK,Goalkeeper,0
/kaggle/working/images/Goalkeeper/190459.png,190459,A. Hansen,GK,Goalkeeper,0
/kaggle/working/images/Goalkeeper/262358.png,262358,H. Sharp,GK,Goalkeeper,0
/kaggle/working/images/Goalkeeper/222221.png,222221,A. Buzbuchi,GK,Goalkeeper,0
/kaggle/working/images/Goalkeeper/236663.png,236663,E. Balcombe,GK,Goalkeeper,0
/kaggle/working/images/Goalkeeper/254401.png,254401,R. Farro,GK,Goalkeeper,0
/kaggle/working/images/Goalkeeper/227529.png,227529,M. Hudson,GK,Goalkeeper,0
/kaggle/working/images/Goalkeeper/257235.png,257235,T. Boulhendi,GK,Goalkeeper,0
/kaggle/working/images/Goalkeeper/239594.png,239594,J. Imbrechts,GK,Goalkeeper,0
/kaggle/working/images/Goalkeeper/259213.png,259213,D. Da Silva,GK,Goalkeeper,0
/kaggle/working/images/Goalkeeper/173531.png,173531,B. Amos,GK,Goalkeeper,0
/kaggle/working/images/Goalkeeper/212406.png,212406,Jordi,GK,Goalkeeper,0
/kaggle/working/images/Goalkeeper/222176.png,222176,Liu Weiguo,GK,Goalkeeper,0
/kaggle/working/images/Goalkeeper/191153.png,191153,M. Sandberg,GK,Goalkeeper,0
/kaggle/working/images/Goalkeeper/166764.png,166764,T. Carson,GK,Goalkeeper,0
/kaggle/working/images/Goalkeeper/215132.png,215132,S. Moyano,GK,Goalkeeper,0
/kaggle/working/images/Goalkeeper/212735.png,212735,E. Basilio,GK,Goalkeeper,0
/kaggle/working/images/Goalkeeper/172553.png,172553,J. Lössl,GK,Goalkeeper,0
/kaggle/working/images/Goalkeeper/232365.png,232365,K. Otani,GK,Goalkeeper,0
/kaggle/working/images/Goalkeeper/241599.png,241599,B. Crellin,GK,Goalkeeper,0
/kaggle/working/images/Goalkeeper/177683.png,177683,Y. Sommer,GK,Goalkeeper,0
/kaggle/working/images/Goalkeeper/252241.png,252241,D. Rouyard,GK,Goalkeeper,0
/kaggle/working/images/Goalkeeper/247976.png,247976,C. Căbuz,GK,Goalkeeper,0
/kaggle/working/images/Goalkeeper/208067.png,208067,Lee Jin Hyung,GK,Goalkeeper,0
/kaggle/working/images/Goalkeeper/245276.png,245276,M. Al Rubaie,GK,Goalkeeper,0
/kaggle/working/images/Goalkeeper/211033.png,211033,L. García,GK,Goalkeeper,0
/kaggle/working/images/Goalkeeper/213677.png,213677,B. Killip,GK,Goalkeeper,0
/kaggle/working/images/Goalkeeper/258383.png,258383,P. Morrison,GK,Goalkeeper,0
/kaggle/working/images/Goalkeeper/206412.png,206412,M. Koval,GK,Goalkeeper,0
/kaggle/working/images/Goalkeeper/264475.png,264475,M. Boylan,GK,Goalkeeper,0
/kaggle/working/images/Goalkeeper/221700.png,221700,No Dong Geon,GK,Goalkeeper,0
/kaggle/working/images/Goalkeeper/223925.png,223925,A. Brunst,GK,Goalkeeper,0
/kaggle/working/images/Goalkeeper/259530.png,259530,Alfonso Pastor,GK,Goalkeeper,0
/kaggle/working/images/Goalkeeper/211908.png,211908,G. Güvenç,GK,Goalkeeper,0
/kaggle/working/images/Goalkeeper/222431.png,222431,J. Storevik,GK,Goalkeeper,0
/kaggle/working/images/Goalkeeper/226675.png,226675,F. Lanzillotta,GK,Goalkeeper,0
/kaggle/working/images/Goalkeeper/263699.png,263699,J. Sveinhaug,GK,Goalkeeper,0
/kaggle/working/images/Goalkeeper/248256.png,248256,M. Sanyor,GK,Goalkeeper,0
/kaggle/working/images/Goalkeeper/252699.png,252699,M. Freke,GK,Goalkeeper,0
/kaggle/working/images/Goalkeeper/262322.png,262322,N. Noll,GK,Goalkeeper,0
/kaggle/working/images/Goalkeeper/247411.png,247411,Altube,GK,Goalkeeper,0
/kaggle/working/images/Goalkeeper/227148.png,227148,F. Bonansea,GK,Goalkeeper,0
/kaggle/working/images/Goalkeeper/234833.png,234833,F. Müller,GK,Goalkeeper,0
/kaggle/working/images/Goalkeeper/255159.png,255159,M. Sündermann,GK,Goalkeeper,0
/kaggle/working/images/Goalkeeper/250916.png,250916,E. Vaessen,GK,Goalkeeper,0
/kaggle/working/images/Goalkeeper/232149.png,232149,M. Connor,GK,Goalkeeper,0
/kaggle/working/images/Goalkeeper/235213.png,235213,Alex Craninx,GK,Goalkeeper,0
/kaggle/working/images/Goalkeeper/211835.png,211835,F. Flückiger,GK,Goalkeeper,0
/kaggle/working/images/Goalkeeper/148729.png,148729,I. Austbø,GK,Goalkeeper,0
/kaggle/working/images/Goalkeeper/223550.png,223550,J. Omlin,GK,Goalkeeper,0
/kaggle/working/images/Goalkeeper/228253.png,228253,M. Jawhar,GK,Goalkeeper,0
/kaggle/working/images/Goalkeeper/212453.png,212453,Germán Parreño,GK,Goalkeeper,0
/kaggle/working/images/Goalkeeper/247176.png,247176,L. McNicholas,GK,Goalkeeper,0
/kaggle/working/images/Goalkeeper/263922.png,263922,M. Koné,GK,Goalkeeper,0
/kaggle/working/images/Goalkeeper/225511.png,225511,C. Trueman,GK,Goalkeeper,0
/kaggle/working/images/Goalkeeper/225983.png,225983,S. Mpontshane,GK,Goalkeeper,0
/kaggle/working/images/Goalkeeper/236028.png,236028,Javi Díaz,GK,Goalkeeper,0
/kaggle/working/images/Goalkeeper/253428.png,253428,V. Jaroš,GK,Goalkeeper,0
/kaggle/working/images/Goalkeeper/258511.png,258511,E. Bilgin,GK,Goalkeeper,0
/kaggle/working/images/Goalkeeper/263531.png,263531,S. Van Damme,GK,Goalkeeper,0
/kaggle/working/images/Goalkeeper/263010.png,263010,B. Balaban,GK,Goalkeeper,0
/kaggle/working/images/Goalkeeper/211946.png,211946,M. Kolke,GK,Goalkeeper,0
/kaggle/working/images/Goalkeeper/260154.png,260154,G. Bellagambi,GK,Goalkeeper,0
/kaggle/working/images/Goalkeeper/244066.png,244066,C. Frommann,GK,Goalkeeper,0
/kaggle/working/images/Goalkeeper/244362.png,244362,L. Hunn,GK,Goalkeeper,0
/kaggle/working/images/Goalkeeper/247479.png,247479,L. Unbehaun,GK,Goalkeeper,0
/kaggle/working/images/Goalkeeper/204931.png,204931,J. Smits,GK,Goalkeeper,0
/kaggle/working/images/Goalkeeper/243012.png,243012,B. Niezgoda,GK,Goalkeeper,0
/kaggle/working/images/Goalkeeper/261979.png,261979,Fan Weixiang,GK,Goalkeeper,0
/kaggle/working/images/Goalkeeper/236337.png,236337,J. Turner,GK,Goalkeeper,0
/kaggle/working/images/Goalkeeper/238060.png,238060,N. Trott,GK,Goalkeeper,0
/kaggle/working/images/Goalkeeper/232505.png,232505,T. Hayashi,GK,Goalkeeper,0
/kaggle/working/images/Goalkeeper/258133.png,258133,G. De Amores,GK,Goalkeeper,0
/kaggle/working/images/Goalkeeper/234803.png,234803,N. Baxter,GK,Goalkeeper,0
/kaggle/working/images/Goalkeeper/242703.png,242703,J. Marcinkowski,GK,Goalkeeper,0
/kaggle/working/images/Goalkeeper/142721.png,142721,M. Barovero,GK,Goalkeeper,0
/kaggle/working/images/Goalkeeper/179685.png,179685,C. Seitz,GK,Goalkeeper,0
/kaggle/working/images/Goalkeeper/239358.png,239358,S. Dieng,GK,Goalkeeper,0
/kaggle/working/images/Goalkeeper/256156.png,256156,R. Morínigo,GK,Goalkeeper,0
/kaggle/working/images/Goalkeeper/259085.png,259085,F. Tapia,GK,Goalkeeper,0
/kaggle/working/images/Goalkeeper/200212.png,200212,M. Esser,GK,Goalkeeper,0
/kaggle/working/images/Goalkeeper/248018.png,248018,A. Vlad,GK,Goalkeeper,0
/kaggle/working/images/Goalkeeper/264476.png,264476,Joel Jiménez,GK,Goalkeeper,0
/kaggle/working/images/Goalkeeper/215223.png,215223,W. Benítez,GK,Goalkeeper,0
/kaggle/working/images/Goalkeeper/212022.png,212022,A. Bone,GK,Goalkeeper,0
/kaggle/working/images/Goalkeeper/225134.png,225134,A. Bass,GK,Goalkeeper,0
/kaggle/working/images/Goalkeeper/246725.png,246725,T. Kodama,GK,Goalkeeper,0
/kaggle/working/images/Goalkeeper/106795.png,106795,G. Pegolo,GK,Goalkeeper,0
/kaggle/working/images/Goalkeeper/202079.png,202079,D. Blažević,GK,Goalkeeper,0
/kaggle/working/images/Goalkeeper/262939.png,262939,A. Schulz,GK,Goalkeeper,0
/kaggle/working/images/Goalkeeper/193443.png,193443,T. Coremans,GK,Goalkeeper,0
/kaggle/working/images/Goalkeeper/110974.png,110974,Riesgo,GK,Goalkeeper,0
/kaggle/working/images/Goalkeeper/237414.png,237414,W. Popp,GK,Goalkeeper,0
/kaggle/working/images/Goalkeeper/224068.png,224068,H. Konaté,GK,Goalkeeper,0
/kaggle/working/images/Goalkeeper/250865.png,250865,Z. Jeacock,GK,Goalkeeper,0
/kaggle/working/images/Goalkeeper/184585.png,184585,Á. Bogdán,GK,Goalkeeper,0
/kaggle/working/images/Goalkeeper/263510.png,263510,P. Prange,GK,Goalkeeper,0
/kaggle/working/images/Goalkeeper/187218.png,187218,M. Jiménez,GK,Goalkeeper,0
/kaggle/working/images/Goalkeeper/234642.png,234642,É. Mendy,GK,Goalkeeper,0
/kaggle/working/images/Goalkeeper/236005.png,236005,J. Vom Steeg,GK,Goalkeeper,0
/kaggle/working/images/Goalkeeper/264149.png,264149,C. Geist,GK,Goalkeeper,0
/kaggle/working/images/Goalkeeper/244385.png,244385,G. Bushchan,GK,Goalkeeper,0
/kaggle/working/images/Goalkeeper/223952.png,223952,David Soria,GK,Goalkeeper,0
/kaggle/working/images/Goalkeeper/193152.png,193152,Herrerín,GK,Goalkeeper,0
/kaggle/working/images/Goalkeeper/201873.png,201873,J. Bendik,GK,Goalkeeper,0
/kaggle/working/images/Goalkeeper/261409.png,261409,S. Araujo,GK,Goalkeeper,0
/kaggle/working/images/Goalkeeper/258556.png,258556,S. Mitra,GK,Goalkeeper,0
/kaggle/working/images/Goalkeeper/170785.png,170785,G. Faivre,GK,Goalkeeper,0
/kaggle/working/images/Goalkeeper/262420.png,262420,R. Popa,GK,Goalkeeper,0
/kaggle/working/images/Goalkeeper/176550.png,176550,D. Ospina,GK,Goalkeeper,0
/kaggle/working/images/Goalkeeper/206555.png,206555,C. Pym,GK,Goalkeeper,0
/kaggle/working/images/Goalkeeper/250804.png,250804,J. Walsh,GK,Goalkeeper,0
/kaggle/working/images/Goalkeeper/231841.png,231841,M. Prévot,GK,Goalkeeper,0
/kaggle/working/images/Goalkeeper/259987.png,259987,M. Ellborg,GK,Goalkeeper,0
/kaggle/working/images/Goalkeeper/242804.png,242804,B. Lundgaard,GK,Goalkeeper,0
/kaggle/working/images/Goalkeeper/244810.png,244810,T. Lawal,GK,Goalkeeper,0
/kaggle/working/images/Goalkeeper/243304.png,243304,Zubiaurre,GK,Goalkeeper,0
/kaggle/working/images/Goalkeeper/261972.png,261972,M. Sanhouse,GK,Goalkeeper,0
/kaggle/working/images/Goalkeeper/206402.png,206402,M. Putnocký,GK,Goalkeeper,0
/kaggle/working/images/Goalkeeper/226542.png,226542,D. Martínez,GK,Goalkeeper,0
/kaggle/working/images/Goalkeeper/184851.png,184851,D. Vega,GK,Goalkeeper,0
/kaggle/working/images/Goalkeeper/261467.png,261467,R. Márquez,GK,Goalkeeper,0
/kaggle/working/images/Goalkeeper/177475.png,177475,T. Sippel,GK,Goalkeeper,0
/kaggle/working/images/Goalkeeper/258688.png,258688,Lluis Andreu,GK,Goalkeeper,0
/kaggle/working/images/Goalkeeper/248766.png,248766,M. Barcola,GK,Goalkeeper,0
/kaggle/working/images/Goalkeeper/165247.png,165247,I. Khune,GK,Goalkeeper,0
/kaggle/working/images/Goalkeeper/184148.png,184148,J. Coppens,GK,Goalkeeper,0
/kaggle/working/images/Goalkeeper/245164.png,245164,V. Kaith,GK,Goalkeeper,0
/kaggle/working/images/Goalkeeper/192563.png,192563,B. Leno,GK,Goalkeeper,0
/kaggle/working/images/Goalkeeper/202125.png,202125,J. Bonham,GK,Goalkeeper,0
/kaggle/working/images/Goalkeeper/258641.png,258641,O. Bosworth,GK,Goalkeeper,0
/kaggle/working/images/Goalkeeper/18122.png,18122,N. Penneteau,GK,Goalkeeper,0
/kaggle/working/images/Goalkeeper/222177.png,222177,Zhang ZhenQiang,GK,Goalkeeper,0
/kaggle/working/images/Goalkeeper/264161.png,264161,Pablo Valencia,GK,Goalkeeper,0
/kaggle/working/images/Goalkeeper/254191.png,254191,R. Rivas,GK,Goalkeeper,0
/kaggle/working/images/Goalkeeper/212560.png,212560,N. Townsend,GK,Goalkeeper,0
/kaggle/working/images/Goalkeeper/116314.png,116314,D. Martin,GK,Goalkeeper,0
/kaggle/working/images/Goalkeeper/243476.png,243476,M. Borgogno,GK,Goalkeeper,0
/kaggle/working/images/Goalkeeper/245866.png,245866,L. Pelletier,GK,Goalkeeper,0
/kaggle/working/images/Goalkeeper/191528.png,191528,Hou Sen,GK,Goalkeeper,0
/kaggle/working/images/Goalkeeper/247121.png,247121,L. Barraza,GK,Goalkeeper,0
/kaggle/working/images/Goalkeeper/236378.png,236378,A. Plizzari,GK,Goalkeeper,0
/kaggle/working/images/Goalkeeper/245090.png,245090,L. Beckemeyer,GK,Goalkeeper,0
/kaggle/working/images/Goalkeeper/255014.png,255014,T. Bartouche-Selbonne,GK,Goalkeeper,0
/kaggle/working/images/Goalkeeper/250842.png,250842,J. Graterol,GK,Goalkeeper,0
/kaggle/working/images/Goalkeeper/193512.png,193512,M. Heča,GK,Goalkeeper,0
/kaggle/working/images/Goalkeeper/210772.png,210772,P. Drewes,GK,Goalkeeper,0
/kaggle/working/images/Goalkeeper/262157.png,262157,M. Mignon,GK,Goalkeeper,0
/kaggle/working/images/Goalkeeper/202778.png,202778,E. Özbir,GK,Goalkeeper,0
/kaggle/working/images/Goalkeeper/261466.png,261466,M. Silva,GK,Goalkeeper,0
/kaggle/working/images/Goalkeeper/260323.png,260323,M. Murakami,GK,Goalkeeper,0
/kaggle/working/images/Goalkeeper/157888.png,157888,Q. Westberg,GK,Goalkeeper,0
/kaggle/working/images/Goalkeeper/168435.png,168435,S. Sirigu,GK,Goalkeeper,0
/kaggle/working/images/Goalkeeper/237553.png,237553,A. Yiğiter,GK,Goalkeeper,0
/kaggle/working/images/Goalkeeper/208104.png,208104,Matheus,GK,Goalkeeper,0
/kaggle/working/images/Goalkeeper/236033.png,236033,Dani Cárdenas,GK,Goalkeeper,0
/kaggle/working/images/Goalkeeper/239019.png,239019,J. Delianov,GK,Goalkeeper,0
/kaggle/working/images/Goalkeeper/209981.png,209981,Y. Bounou,GK,Goalkeeper,0
/kaggle/working/images/Goalkeeper/140498.png,140498,D. Marshall,GK,Goalkeeper,0
/kaggle/working/images/Goalkeeper/246657.png,246657,Álvaro Valles,GK,Goalkeeper,0
/kaggle/working/images/Goalkeeper/199101.png,199101,Raúl Lizoain,GK,Goalkeeper,0
/kaggle/working/images/Goalkeeper/256053.png,256053,J. Pulskamp,GK,Goalkeeper,0
/kaggle/working/images/Goalkeeper/236568.png,236568,B. Austin,GK,Goalkeeper,0
/kaggle/working/images/Goalkeeper/248091.png,248091,D. Lazar,GK,Goalkeeper,0
/kaggle/working/images/Goalkeeper/172203.png,172203,F. Forster,GK,Goalkeeper,0
/kaggle/working/images/Goalkeeper/161663.png,161663,S. Viera,GK,Goalkeeper,0
/kaggle/working/images/Goalkeeper/259596.png,259596,J. Keeley,GK,Goalkeeper,0
/kaggle/working/images/Goalkeeper/235266.png,235266,C. Früchtl,GK,Goalkeeper,0
/kaggle/working/images/Goalkeeper/237419.png,237419,A. Abedzadeh,GK,Goalkeeper,0
/kaggle/working/images/Goalkeeper/244943.png,244943,E. Bilen,GK,Goalkeeper,0
/kaggle/working/images/Goalkeeper/163616.png,163616,J. Young,GK,Goalkeeper,0
/kaggle/working/images/Goalkeeper/256923.png,256923,D. Contreras,GK,Goalkeeper,0
/kaggle/working/images/Goalkeeper/228279.png,228279,J. Drommel,GK,Goalkeeper,0
/kaggle/working/images/Goalkeeper/227370.png,227370,M. Zetterer,GK,Goalkeeper,0
/kaggle/working/images/Goalkeeper/213729.png,213729,S. Rossbach,GK,Goalkeeper,0
/kaggle/working/images/Goalkeeper/219795.png,219795,J. Coleman,GK,Goalkeeper,0
/kaggle/working/images/Goalkeeper/238093.png,238093,M. Tagliamonte,GK,Goalkeeper,0
/kaggle/working/images/Goalkeeper/239689.png,239689,M. Sprang,GK,Goalkeeper,0
/kaggle/working/images/Goalkeeper/253990.png,253990,J. Roca,GK,Goalkeeper,0
/kaggle/working/images/Goalkeeper/201269.png,201269,F. Rønnow,GK,Goalkeeper,0
/kaggle/working/images/Goalkeeper/234717.png,234717,S. Pérez,GK,Goalkeeper,0
/kaggle/working/images/Goalkeeper/258586.png,258586,W. Blackmore,GK,Goalkeeper,0
/kaggle/working/images/Goalkeeper/225149.png,225149,J. Butez,GK,Goalkeeper,0
/kaggle/working/images/Goalkeeper/261679.png,261679,Ye Hoon Ueom,GK,Goalkeeper,0
/kaggle/working/images/Goalkeeper/205378.png,205378,B. Valette,GK,Goalkeeper,0
/kaggle/working/images/Goalkeeper/222274.png,222274,Shi Xiaotian,GK,Goalkeeper,0
/kaggle/working/images/Goalkeeper/256034.png,256034,A. Rodriguez,GK,Goalkeeper,0
/kaggle/working/images/Goalkeeper/140300.png,140300,P. Cherrie,GK,Goalkeeper,0
/kaggle/working/images/Goalkeeper/215097.png,215097,A. Maraval,GK,Goalkeeper,0
/kaggle/working/images/Goalkeeper/205849.png,205849,E. Andrada,GK,Goalkeeper,0
/kaggle/working/images/Goalkeeper/205530.png,205530,M. Pigliacelli,GK,Goalkeeper,0
/kaggle/working/images/Goalkeeper/259918.png,259918,I. Diawara,GK,Goalkeeper,0
/kaggle/working/images/Goalkeeper/201112.png,201112,J. Słowik,GK,Goalkeeper,0
/kaggle/working/images/Goalkeeper/260326.png,260326,B. Fall,GK,Goalkeeper,0
/kaggle/working/images/Goalkeeper/190745.png,190745,M. Silvestri,GK,Goalkeeper,0
/kaggle/working/images/Goalkeeper/256965.png,256965,J. Eastham,GK,Goalkeeper,0
/kaggle/working/images/Goalkeeper/251332.png,251332,R. Bouallak,GK,Goalkeeper,0
/kaggle/working/images/Goalkeeper/169697.png,169697,D. Randolph,GK,Goalkeeper,0
/kaggle/working/images/Goalkeeper/184254.png,184254,J. Ayala,GK,Goalkeeper,0
/kaggle/working/images/Goalkeeper/263052.png,263052,Z. Oualah,GK,Goalkeeper,0
/kaggle/working/images/Goalkeeper/144172.png,144172,S. Kırıntılı,GK,Goalkeeper,0
/kaggle/working/images/Goalkeeper/171490.png,171490,S. Aresti,GK,Goalkeeper,0
/kaggle/working/images/Goalkeeper/228231.png,228231,A. Aguilar,GK,Goalkeeper,0
/kaggle/working/images/Goalkeeper/253836.png,253836,P. Zubczuk,GK,Goalkeeper,0
/kaggle/working/images/Goalkeeper/253630.png,253630,E. Franco,GK,Goalkeeper,0
/kaggle/working/images/Goalkeeper/235124.png,235124,S. Jurado,GK,Goalkeeper,0
/kaggle/working/images/Goalkeeper/251771.png,251771,D. Ojeda,GK,Goalkeeper,0
/kaggle/working/images/Goalkeeper/210385.png,210385,Rui Silva,GK,Goalkeeper,0
/kaggle/working/images/Goalkeeper/244120.png,244120,S. Rénot,GK,Goalkeeper,0
/kaggle/working/images/Goalkeeper/242818.png,242818,F. Dahmen,GK,Goalkeeper,0
/kaggle/working/images/Goalkeeper/221610.png,221610,D. Dibusz,GK,Goalkeeper,0
/kaggle/working/images/Goalkeeper/232790.png,232790,H. Iikura,GK,Goalkeeper,0
/kaggle/working/images/Goalkeeper/204234.png,204234,Edgar Badia,GK,Goalkeeper,0
/kaggle/working/images/Goalkeeper/179783.png,179783,R. Fährmann,GK,Goalkeeper,0
/kaggle/working/images/Goalkeeper/264068.png,264068,E. Cox,GK,Goalkeeper,0
/kaggle/working/images/Goalkeeper/223686.png,223686,T. Wellenreuther,GK,Goalkeeper,0
/kaggle/working/images/Goalkeeper/189936.png,189936,R. Ruiter,GK,Goalkeeper,0
/kaggle/working/images/Goalkeeper/208507.png,208507,Dani Barrio,GK,Goalkeeper,0
/kaggle/working/images/Goalkeeper/251904.png,251904,J. Schelfhout,GK,Goalkeeper,0
/kaggle/working/images/Goalkeeper/256609.png,256609,J. Guadagno,GK,Goalkeeper,0
/kaggle/working/images/Goalkeeper/240091.png,240091,G. Vicario,GK,Goalkeeper,0
/kaggle/working/images/Goalkeeper/258409.png,258409,R. Pop,GK,Goalkeeper,0
/kaggle/working/images/Goalkeeper/260525.png,260525,K. Ioka,GK,Goalkeeper,0
/kaggle/working/images/Goalkeeper/178571.png,178571,Bracali,GK,Goalkeeper,0
/kaggle/working/images/Goalkeeper/173533.png,173533,D. Button,GK,Goalkeeper,0
/kaggle/working/images/Goalkeeper/155886.png,155886,S. Henderson,GK,Goalkeeper,0
/kaggle/working/images/Goalkeeper/194404.png,194404,Neto,GK,Goalkeeper,0
/kaggle/working/images/Goalkeeper/260614.png,260614,Morilla,GK,Goalkeeper,0
/kaggle/working/images/Goalkeeper/257503.png,257503,L. Klatte,GK,Goalkeeper,0
/kaggle/working/images/Goalkeeper/263673.png,263673,Andrew,GK,Goalkeeper,0
/kaggle/working/images/Goalkeeper/208968.png,208968,F. Al Qarni,GK,Goalkeeper,0
/kaggle/working/images/Goalkeeper/252799.png,252799,T. Çetin,GK,Goalkeeper,0
/kaggle/working/images/Goalkeeper/202199.png,202199,G. Long,GK,Goalkeeper,0
/kaggle/working/images/Goalkeeper/210476.png,210476,M. Kuster,GK,Goalkeeper,0
/kaggle/working/images/Goalkeeper/263660.png,263660,D. Urtiaga,GK,Goalkeeper,0
/kaggle/working/images/Goalkeeper/231681.png,231681,W. Mannion,GK,Goalkeeper,0
/kaggle/working/images/Goalkeeper/247751.png,247751,Kim Tae Gon,GK,Goalkeeper,0
/kaggle/working/images/Goalkeeper/255004.png,255004,T. Andersson,GK,Goalkeeper,0
/kaggle/working/images/Goalkeeper/253110.png,253110,J. de Boer,GK,Goalkeeper,0
/kaggle/working/images/Goalkeeper/219754.png,219754,Bruno Varela,GK,Goalkeeper,0
/kaggle/working/images/Goalkeeper/205659.png,205659,A. Cragno,GK,Goalkeeper,0
/kaggle/working/images/Goalkeeper/210368.png,210368,J. Duncan,GK,Goalkeeper,0
/kaggle/working/images/Goalkeeper/231618.png,231618,H. Wright,GK,Goalkeeper,0
/kaggle/working/images/Goalkeeper/190113.png,190113,M. Günok,GK,Goalkeeper,0
/kaggle/working/images/Goalkeeper/234577.png,234577,Diogo Costa,GK,Goalkeeper,0
/kaggle/working/images/Goalkeeper/244178.png,244178,T. Kretzschmar,GK,Goalkeeper,0
/kaggle/working/images/Goalkeeper/177508.png,177508,P. Klandt,GK,Goalkeeper,0
/kaggle/working/images/Goalkeeper/226285.png,226285,R. Gudiño,GK,Goalkeeper,0
/kaggle/working/images/Goalkeeper/200159.png,200159,S. Ortega,GK,Goalkeeper,0
/kaggle/working/images/Goalkeeper/231914.png,231914,D. Margush,GK,Goalkeeper,0
/kaggle/working/images/Goalkeeper/237171.png,237171,H. Acevedo,GK,Goalkeeper,0
/kaggle/working/images/Goalkeeper/260274.png,260274,J. Cuéllar,GK,Goalkeeper,0
/kaggle/working/images/Goalkeeper/188094.png,188094,J. McLaughlin,GK,Goalkeeper,0
/kaggle/working/images/Goalkeeper/183497.png,183497,O. Karnezis,GK,Goalkeeper,0
/kaggle/working/images/Goalkeeper/182897.png,182897,S. Bruzzese,GK,Goalkeeper,0
/kaggle/working/images/Goalkeeper/236823.png,236823,I. Pettersson,GK,Goalkeeper,0
/kaggle/working/images/Goalkeeper/246704.png,246704,E. Ólafsson,GK,Goalkeeper,0
/kaggle/working/images/Goalkeeper/263368.png,263368,M. Contra,GK,Goalkeeper,0
/kaggle/working/images/Goalkeeper/250781.png,250781,F. Oswald,GK,Goalkeeper,0
/kaggle/working/images/Goalkeeper/235633.png,235633,Y. Diouf,GK,Goalkeeper,0
/kaggle/working/images/Goalkeeper/211262.png,211262,M. Vicentini,GK,Goalkeeper,0
/kaggle/working/images/Goalkeeper/253442.png,253442,F. de Keijzer,GK,Goalkeeper,0
/kaggle/working/images/Goalkeeper/149309.png,149309,A. Rosati,GK,Goalkeeper,0
/kaggle/working/images/Goalkeeper/232418.png,232418,Y. Takeda,GK,Goalkeeper,0
/kaggle/working/images/Goalkeeper/168354.png,168354,E. Viviano,GK,Goalkeeper,0
/kaggle/working/images/Goalkeeper/243373.png,243373,L. Jensen,GK,Goalkeeper,0
/kaggle/working/images/Goalkeeper/167993.png,167993,V. Stojković,GK,Goalkeeper,0
/kaggle/working/images/Goalkeeper/198653.png,198653,M. Silva,GK,Goalkeeper,0
/kaggle/working/images/Goalkeeper/121134.png,121134,A. Walke,GK,Goalkeeper,0
/kaggle/working/images/Goalkeeper/218175.png,218175,C. Servín,GK,Goalkeeper,0
/kaggle/working/images/Goalkeeper/212719.png,212719,D. Castanheira,GK,Goalkeeper,0
/kaggle/working/images/Goalkeeper/243647.png,243647,A. Bayındır,GK,Goalkeeper,0
/kaggle/working/images/Goalkeeper/102881.png,102881,K. Stamatopoulos,GK,Goalkeeper,0
/kaggle/working/images/Goalkeeper/182043.png,182043,Zeng Cheng,GK,Goalkeeper,0
/kaggle/working/images/Goalkeeper/156507.png,156507,I. Vázquez,GK,Goalkeeper,0
/kaggle/working/images/Goalkeeper/178086.png,178086,Adán,GK,Goalkeeper,0
/kaggle/working/images/Goalkeeper/194934.png,194934,Dani Jiménez,GK,Goalkeeper,0
/kaggle/working/images/Goalkeeper/202910.png,202910,D. Mitov Nilsson,GK,Goalkeeper,0
/kaggle/working/images/Goalkeeper/258420.png,258420,M. Eșanu,GK,Goalkeeper,0
/kaggle/working/images/Goalkeeper/199904.png,199904,J. Joronen,GK,Goalkeeper,0
/kaggle/working/images/Goalkeeper/189061.png,189061,S. Burchert,GK,Goalkeeper,0
/kaggle/working/images/Goalkeeper/190120.png,190120,K. Johnsson,GK,Goalkeeper,0
/kaggle/working/images/Goalkeeper/247202.png,247202,H. Constant,GK,Goalkeeper,0
/kaggle/working/images/Goalkeeper/243585.png,243585,G. Bazunu,GK,Goalkeeper,0
/kaggle/working/images/Goalkeeper/225213.png,225213,G. Singh Sandhu,GK,Goalkeeper,0
/kaggle/working/images/Goalkeeper/207610.png,207610,R. Meara,GK,Goalkeeper,0
/kaggle/working/images/Goalkeeper/229368.png,229368,M. Norman,GK,Goalkeeper,0
/kaggle/working/images/Goalkeeper/237443.png,237443,T. Okubo,GK,Goalkeeper,0
/kaggle/working/images/Goalkeeper/258239.png,258239,M. Kochalski,GK,Goalkeeper,0
/kaggle/working/images/Goalkeeper/257958.png,257958,Ž. Kostadinović,GK,Goalkeeper,0
/kaggle/working/images/Goalkeeper/219918.png,219918,O. Cabral,GK,Goalkeeper,0
/kaggle/working/images/Goalkeeper/222829.png,222829,S. Brodersen,GK,Goalkeeper,0
/kaggle/working/images/Goalkeeper/262764.png,262764,A. Dlugaiczyk,GK,Goalkeeper,0
/kaggle/working/images/Goalkeeper/256220.png,256220,M. Parra,GK,Goalkeeper,0
/kaggle/working/images/Goalkeeper/244654.png,244654,K. Osako,GK,Goalkeeper,0
/kaggle/working/images/Goalkeeper/262251.png,262251,K. Tobiasz,GK,Goalkeeper,0
/kaggle/working/images/Goalkeeper/216518.png,216518,H. Bonmann,GK,Goalkeeper,0
/kaggle/working/images/Goalkeeper/258056.png,258056,S. Long,GK,Goalkeeper,0
/kaggle/working/images/Goalkeeper/246958.png,246958,A. Ivačič,GK,Goalkeeper,0
/kaggle/working/images/Goalkeeper/247448.png,247448,G. Ranjitsingh,GK,Goalkeeper,0
/kaggle/working/images/Goalkeeper/218298.png,218298,S. Allagbé,GK,Goalkeeper,0
/kaggle/working/images/Goalkeeper/263619.png,263619,V. Chambaere,GK,Goalkeeper,0
/kaggle/working/images/Goalkeeper/234877.png,234877,F. Buntić,GK,Goalkeeper,0
/kaggle/working/images/Goalkeeper/234341.png,234341,İ. Eğribayat,GK,Goalkeeper,0
/kaggle/working/images/Goalkeeper/194198.png,194198,J. Delle,GK,Goalkeeper,0
/kaggle/working/images/Goalkeeper/253244.png,253244,I. Don,GK,Goalkeeper,0
/kaggle/working/images/Goalkeeper/251815.png,251815,Y. Itahashi,GK,Goalkeeper,0
/kaggle/working/images/Goalkeeper/226786.png,226786,A. Bono,GK,Goalkeeper,0
/kaggle/working/images/Goalkeeper/262837.png,262837,S. Mellack,GK,Goalkeeper,0
/kaggle/working/images/Goalkeeper/254962.png,254962,D. Callender,GK,Goalkeeper,0
/kaggle/working/images/Goalkeeper/264138.png,264138,M. Rongier,GK,Goalkeeper,0
/kaggle/working/images/Goalkeeper/231489.png,231489,A. Keita,GK,Goalkeeper,0
/kaggle/working/images/Goalkeeper/246603.png,246603,Matis Carvalho,GK,Goalkeeper,0
/kaggle/working/images/Goalkeeper/177299.png,177299,A. Gabbarini,GK,Goalkeeper,0
/kaggle/working/images/Goalkeeper/235086.png,235086,Á. Varga,GK,Goalkeeper,0
/kaggle/working/images/Goalkeeper/260967.png,260967,A. Păun,GK,Goalkeeper,0
/kaggle/working/images/Goalkeeper/241076.png,241076,S. Benda,GK,Goalkeeper,0
/kaggle/working/images/Goalkeeper/252456.png,252456,C. Klaus,GK,Goalkeeper,0
/kaggle/working/images/Goalkeeper/219637.png,219637,Cantero,GK,Goalkeeper,0
/kaggle/working/images/Goalkeeper/185427.png,185427,Ø. Nyland,GK,Goalkeeper,0
/kaggle/working/images/Goalkeeper/232107.png,232107,E. Oelschlägel,GK,Goalkeeper,0
/kaggle/working/images/Goalkeeper/251056.png,251056,A. Ureche,GK,Goalkeeper,0
/kaggle/working/images/Goalkeeper/220932.png,220932,L. Kalinić,GK,Goalkeeper,0
/kaggle/working/images/Goalkeeper/232284.png,232284,M. Travers,GK,Goalkeeper,0
/kaggle/working/images/Goalkeeper/260587.png,260587,A. Nazih,GK,Goalkeeper,0
/kaggle/working/images/Goalkeeper/250754.png,250754,N. Shinton,GK,Goalkeeper,0
/kaggle/working/images/Goalkeeper/205211.png,205211,M. Borjan,GK,Goalkeeper,0
/kaggle/working/images/Goalkeeper/253840.png,253840,D. Valdés,GK,Goalkeeper,0
/kaggle/working/images/Goalkeeper/192448.png,192448,M. ter Stegen,GK,Goalkeeper,0
/kaggle/working/images/Goalkeeper/225203.png,225203,L. Kelly,GK,Goalkeeper,0
/kaggle/working/images/Goalkeeper/222471.png,222471,J. Rasheed,GK,Goalkeeper,0
/kaggle/working/images/Goalkeeper/213732.png,213732,A. Selikhov,GK,Goalkeeper,0
/kaggle/working/images/Goalkeeper/242802.png,242802,San Román,GK,Goalkeeper,0
/kaggle/working/images/Goalkeeper/188400.png,188400,T. Kaminski,GK,Goalkeeper,0
/kaggle/working/images/Goalkeeper/251673.png,251673,Ž. Živković,GK,Goalkeeper,0
/kaggle/working/images/Goalkeeper/241401.png,241401,S. Moloney,GK,Goalkeeper,0
/kaggle/working/images/Goalkeeper/242879.png,242879,M. Vandevoordt,GK,Goalkeeper,0
/kaggle/working/images/Goalkeeper/193786.png,193786,F. Bardi,GK,Goalkeeper,0
/kaggle/working/images/Goalkeeper/244274.png,244274,A. Šemper,GK,Goalkeeper,0
/kaggle/working/images/Goalkeeper/200466.png,200466,V. Eicher,GK,Goalkeeper,0
/kaggle/working/images/Goalkeeper/254562.png,254562,A. Abaz,GK,Goalkeeper,0
/kaggle/working/images/Goalkeeper/260913.png,260913,B. Thompson,GK,Goalkeeper,0
/kaggle/working/images/Goalkeeper/259295.png,259295,Y. Irrazábal,GK,Goalkeeper,0
/kaggle/working/images/Goalkeeper/209987.png,209987,M. Schuhen,GK,Goalkeeper,0
/kaggle/working/images/Goalkeeper/198350.png,198350,D. Bentley,GK,Goalkeeper,0
/kaggle/working/images/Goalkeeper/247428.png,247428,D. Ochoa,GK,Goalkeeper,0
/kaggle/working/images/Goalkeeper/156437.png,156437,P. Pentke,GK,Goalkeeper,0
/kaggle/working/images/Goalkeeper/206307.png,206307,J. Frick,GK,Goalkeeper,0
/kaggle/working/images/Goalkeeper/251995.png,251995,João Gonçalves,GK,Goalkeeper,0
/kaggle/working/images/Goalkeeper/142962.png,142962,E. Bologna,GK,Goalkeeper,0
/kaggle/working/images/Goalkeeper/208679.png,208679,R. Himmelmann,GK,Goalkeeper,0
/kaggle/working/images/Goalkeeper/245431.png,245431,C. Topaloglu,GK,Goalkeeper,0
/kaggle/working/images/Goalkeeper/224442.png,224442,B. Kamara,GK,Goalkeeper,0
/kaggle/working/images/Goalkeeper/251563.png,251563,J. Wright,GK,Goalkeeper,0
/kaggle/working/images/Goalkeeper/242715.png,242715,A. Grinwis,GK,Goalkeeper,0
/kaggle/working/images/Goalkeeper/257999.png,257999,G. Székely,GK,Goalkeeper,0
/kaggle/working/images/Goalkeeper/259466.png,259466,T. Jansen,GK,Goalkeeper,0
/kaggle/working/images/Goalkeeper/223738.png,223738,X. Mous,GK,Goalkeeper,0
/kaggle/working/images/Goalkeeper/233681.png,233681,Liu Shibo,GK,Goalkeeper,0
/kaggle/working/images/Goalkeeper/247561.png,247561,Guo Wei,GK,Goalkeeper,0
/kaggle/working/images/Goalkeeper/247072.png,247072,K. Eissa,GK,Goalkeeper,0
/kaggle/working/images/Goalkeeper/247228.png,247228,D. St. Clair,GK,Goalkeeper,0
/kaggle/working/images/Goalkeeper/255433.png,255433,T. Yamada,GK,Goalkeeper,0
/kaggle/working/images/Goalkeeper/211101.png,211101,Rubén Blanco,GK,Goalkeeper,0
/kaggle/working/images/Goalkeeper/190778.png,190778,J. Zoet,GK,Goalkeeper,0
/kaggle/working/images/Goalkeeper/260829.png,260829,A. Abibi,GK,Goalkeeper,0
/kaggle/working/images/Goalkeeper/244340.png,244340,R. Vodišek,GK,Goalkeeper,0
/kaggle/working/images/Goalkeeper/215251.png,215251,G. Herrera,GK,Goalkeeper,0
/kaggle/working/images/Goalkeeper/176094.png,176094,P. Tytoń,GK,Goalkeeper,0
/kaggle/working/images/Goalkeeper/261656.png,261656,C. Mizell,GK,Goalkeeper,0
/kaggle/working/images/Goalkeeper/153275.png,153275,J. Leca,GK,Goalkeeper,0
/kaggle/working/images/Goalkeeper/244827.png,244827,A. Duarte,GK,Goalkeeper,0
/kaggle/working/images/Goalkeeper/194730.png,194730,Juan Carlos,GK,Goalkeeper,0
/kaggle/working/images/Goalkeeper/166097.png,166097,F. Öztürk,GK,Goalkeeper,0
/kaggle/working/images/Goalkeeper/254122.png,254122,H. Cartwright,GK,Goalkeeper,0
/kaggle/working/images/Goalkeeper/220584.png,220584,V. Myhra,GK,Goalkeeper,0
/kaggle/working/images/Goalkeeper/232101.png,232101,J. Hernández,GK,Goalkeeper,0
/kaggle/working/images/Goalkeeper/241976.png,241976,Tiago Sá,GK,Goalkeeper,0
/kaggle/working/images/Goalkeeper/215123.png,215123,A. Aguerre,GK,Goalkeeper,0
/kaggle/working/images/Goalkeeper/236613.png,236613,L. Grill,GK,Goalkeeper,0
/kaggle/working/images/Goalkeeper/259257.png,259257,Lluis Tarrés,GK,Goalkeeper,0
/kaggle/working/images/Goalkeeper/211105.png,211105,N. Flø,GK,Goalkeeper,0
/kaggle/working/images/Goalkeeper/207606.png,207606,J. Lynch,GK,Goalkeeper,0
/kaggle/working/images/Goalkeeper/241790.png,241790,A. Beiranvand,GK,Goalkeeper,0
/kaggle/working/images/Goalkeeper/221531.png,221531,M. Maroši,GK,Goalkeeper,0
/kaggle/working/images/Goalkeeper/204092.png,204092,J. Blaswich,GK,Goalkeeper,0
/kaggle/working/images/Goalkeeper/252911.png,252911,T. Schreiber,GK,Goalkeeper,0
/kaggle/working/images/Goalkeeper/225432.png,225432,D. Sommariva,GK,Goalkeeper,0
/kaggle/working/images/Goalkeeper/225280.png,225280,D. Mitov,GK,Goalkeeper,0
/kaggle/working/images/Goalkeeper/210941.png,210941,Lee Chang Geun,GK,Goalkeeper,0
/kaggle/working/images/Goalkeeper/193080.png,193080,De Gea,GK,Goalkeeper,0
/kaggle/working/images/Goalkeeper/184763.png,184763,Y. Thuram,GK,Goalkeeper,0
/kaggle/working/images/Goalkeeper/248830.png,248830,J. Wendlinger,GK,Goalkeeper,0
/kaggle/working/images/Goalkeeper/217646.png,217646,S. Nishikawa,GK,Goalkeeper,0
/kaggle/working/images/Goalkeeper/217441.png,217441,S. Makani,GK,Goalkeeper,0
/kaggle/working/images/Goalkeeper/253627.png,253627,W. Rojas,GK,Goalkeeper,0
/kaggle/working/images/Goalkeeper/198039.png,198039,M. Gillespie,GK,Goalkeeper,0
/kaggle/working/images/Goalkeeper/259769.png,259769,M. Heredia,GK,Goalkeeper,0
/kaggle/working/images/Goalkeeper/253272.png,253272,K. Dawson,GK,Goalkeeper,0
/kaggle/working/images/Goalkeeper/254085.png,254085,F. Casanova,GK,Goalkeeper,0
/kaggle/working/images/Goalkeeper/228607.png,228607,D. Reimann,GK,Goalkeeper,0
/kaggle/working/images/Goalkeeper/245435.png,245435,R. Al Najjar,GK,Goalkeeper,0
/kaggle/working/images/Goalkeeper/260918.png,260918,T. Romero,GK,Goalkeeper,0
/kaggle/working/images/Goalkeeper/189955.png,189955,O. Söderberg,GK,Goalkeeper,0
/kaggle/working/images/Goalkeeper/235925.png,235925,G. Gómez,GK,Goalkeeper,0
/kaggle/working/images/Goalkeeper/207427.png,207427,M. Lampson,GK,Goalkeeper,0
/kaggle/working/images/Goalkeeper/235155.png,235155,J. Bekkema,GK,Goalkeeper,0
/kaggle/working/images/Goalkeeper/228611.png,228611,D. Al Saeed,GK,Goalkeeper,0
/kaggle/working/images/Goalkeeper/255965.png,255965,M. Martínez,GK,Goalkeeper,0
/kaggle/working/images/Goalkeeper/204120.png,204120,T. Vaclík,GK,Goalkeeper,0
/kaggle/working/images/Goalkeeper/237695.png,237695,M. Ortega,GK,Goalkeeper,0
/kaggle/working/images/Goalkeeper/200463.png,200463,T. Melia,GK,Goalkeeper,0
/kaggle/working/images/Goalkeeper/253497.png,253497,P. Bonet,GK,Goalkeeper,0
/kaggle/working/images/Goalkeeper/146748.png,146748,Diego López,GK,Goalkeeper,0
/kaggle/working/images/Goalkeeper/263092.png,263092,P. Schermer,GK,Goalkeeper,0
/kaggle/working/images/Goalkeeper/244912.png,244912,T. Sugeno,GK,Goalkeeper,0
/kaggle/working/images/Goalkeeper/244807.png,244807,Đăng Văn Lâm,GK,Goalkeeper,0
/kaggle/working/images/Goalkeeper/201325.png,201325,C. Tătărușanu,GK,Goalkeeper,0
/kaggle/working/images/Goalkeeper/260349.png,260349,N. Abe,GK,Goalkeeper,0
/kaggle/working/images/Goalkeeper/225282.png,225282,J. Devecchi,GK,Goalkeeper,0
/kaggle/working/images/Goalkeeper/250978.png,250978,Ma Zhen,GK,Goalkeeper,0
/kaggle/working/images/Goalkeeper/255812.png,255812,J. Lara,GK,Goalkeeper,0
/kaggle/working/images/Goalkeeper/203237.png,203237,Yu Sang Hun,GK,Goalkeeper,0
/kaggle/working/images/Goalkeeper/258466.png,258466,Leo Román,GK,Goalkeeper,0
/kaggle/working/images/Goalkeeper/231046.png,231046,J. Eastwood,GK,Goalkeeper,0
/kaggle/working/images/Goalkeeper/259255.png,259255,Lee Kyung Tae,GK,Goalkeeper,0
/kaggle/working/images/Goalkeeper/246417.png,246417,A. Patterson,GK,Goalkeeper,0
/kaggle/working/images/Goalkeeper/244498.png,244498,K. Szymański,GK,Goalkeeper,0
/kaggle/working/images/Goalkeeper/191437.png,191437,A. Al Mazaidi,GK,Goalkeeper,0
/kaggle/working/images/Goalkeeper/176919.png,176919,N. Guzmán,GK,Goalkeeper,0
/kaggle/working/images/Goalkeeper/232473.png,232473,H. Shiota,GK,Goalkeeper,0
/kaggle/working/images/Goalkeeper/244817.png,244817,D. Szczepaniak,GK,Goalkeeper,0
/kaggle/working/images/Goalkeeper/225650.png,225650,T. King,GK,Goalkeeper,0
/kaggle/working/images/Goalkeeper/242774.png,242774,Y. Oki,GK,Goalkeeper,0
/kaggle/working/images/Goalkeeper/214190.png,214190,L. Castellanos,GK,Goalkeeper,0
/kaggle/working/images/Goalkeeper/262807.png,262807,J. Nowaczek,GK,Goalkeeper,0
/kaggle/working/images/Goalkeeper/232350.png,232350,J. Posavec,GK,Goalkeeper,0
/kaggle/working/images/Goalkeeper/255717.png,255717,J. Mero,GK,Goalkeeper,0
/kaggle/working/images/Goalkeeper/261173.png,261173,F. Ferrero,GK,Goalkeeper,0
/kaggle/working/images/Goalkeeper/259562.png,259562,M. Khan,GK,Goalkeeper,0
/kaggle/working/images/Goalkeeper/264182.png,264182,R. Castellanos,GK,Goalkeeper,0
/kaggle/working/images/Goalkeeper/253398.png,253398,M. Ulla,GK,Goalkeeper,0
/kaggle/working/images/Goalkeeper/149258.png,149258,A. Cordaz,GK,Goalkeeper,0
/kaggle/working/images/Goalkeeper/187144.png,187144,Cho Soo Hyuk,GK,Goalkeeper,0
/kaggle/working/images/Goalkeeper/200332.png,200332,T. Koubek,GK,Goalkeeper,0
/kaggle/working/images/Goalkeeper/203824.png,203824,R. Matthews,GK,Goalkeeper,0
/kaggle/working/images/Goalkeeper/263023.png,263023,N. Sauter,GK,Goalkeeper,0
/kaggle/working/images/Goalkeeper/263423.png,263423,Q. Galvez-Diarra,GK,Goalkeeper,0
/kaggle/working/images/Goalkeeper/258864.png,258864,S. Drljača,GK,Goalkeeper,0
/kaggle/working/images/Goalkeeper/258390.png,258390,I. Grbić,GK,Goalkeeper,0
/kaggle/working/images/Goalkeeper/220901.png,220901,David Raya,GK,Goalkeeper,0
/kaggle/working/images/Goalkeeper/256557.png,256557,A. Santander,GK,Goalkeeper,0
/kaggle/working/images/Goalkeeper/234492.png,234492,J. Gamonal,GK,Goalkeeper,0
/kaggle/working/images/Goalkeeper/186494.png,186494,M. Oxley,GK,Goalkeeper,0
/kaggle/working/images/Goalkeeper/264242.png,264242,N. van Haveren,GK,Goalkeeper,0
/kaggle/working/images/Goalkeeper/262707.png,262707,L. Klußmann,GK,Goalkeeper,0
/kaggle/working/images/Goalkeeper/254760.png,254760,M. Arzamendia,GK,Goalkeeper,0
/kaggle/working/images/Goalkeeper/223690.png,223690,S. Rochet,GK,Goalkeeper,0
/kaggle/working/images/Goalkeeper/235312.png,235312,Alfonso Herrero,GK,Goalkeeper,0
/kaggle/working/images/Goalkeeper/244364.png,244364,Gabriel Brazão,GK,Goalkeeper,0
/kaggle/working/images/Goalkeeper/216692.png,216692,S. Torrico,GK,Goalkeeper,0
/kaggle/working/images/Goalkeeper/246806.png,246806,Park Il Gyu,GK,Goalkeeper,0
/kaggle/working/images/Goalkeeper/144160.png,144160,T. Acar,GK,Goalkeeper,0
/kaggle/working/images/Goalkeeper/19541.png,19541,G. Morris,GK,Goalkeeper,0
/kaggle/working/images/Goalkeeper/180717.png,180717,L. Reddy,GK,Goalkeeper,0
/kaggle/working/images/Goalkeeper/223709.png,223709,A. Vural,GK,Goalkeeper,0
/kaggle/working/images/Goalkeeper/203423.png,203423,L. Thomas,GK,Goalkeeper,0
/kaggle/working/images/Goalkeeper/256953.png,256953,X. Dziekoński,GK,Goalkeeper,0
/kaggle/working/images/Goalkeeper/263238.png,263238,S. Niazmand,GK,Goalkeeper,0
/kaggle/working/images/Goalkeeper/224010.png,224010,José Suárez,GK,Goalkeeper,0
/kaggle/working/images/Goalkeeper/222095.png,222095,C. Burton,GK,Goalkeeper,0
/kaggle/working/images/Goalkeeper/233211.png,233211,N. Klinger,GK,Goalkeeper,0
/kaggle/working/images/Goalkeeper/243720.png,243720,P. Sokół,GK,Goalkeeper,0
/kaggle/working/images/Goalkeeper/251369.png,251369,O. Djoco,GK,Goalkeeper,0
/kaggle/working/images/Goalkeeper/259702.png,259702,V. Mărgărit,GK,Goalkeeper,0
/kaggle/working/images/Goalkeeper/189908.png,189908,Ł. Skorupski,GK,Goalkeeper,0
/kaggle/working/images/Goalkeeper/204269.png,204269,Z. Clark,GK,Goalkeeper,0
/kaggle/working/images/Goalkeeper/214462.png,214462,I. Arboleda,GK,Goalkeeper,0
/kaggle/working/images/Goalkeeper/233689.png,233689,J. Lindgren,GK,Goalkeeper,0
/kaggle/working/images/Goalkeeper/262561.png,262561,A. Tsilingiris,GK,Goalkeeper,0
/kaggle/working/images/Goalkeeper/188278.png,188278,M. Birighitti,GK,Goalkeeper,0
/kaggle/working/images/Goalkeeper/239271.png,239271,G. Anestis,GK,Goalkeeper,0
/kaggle/working/images/Goalkeeper/228385.png,228385,H. Burgoyne,GK,Goalkeeper,0
/kaggle/working/images/Goalkeeper/244676.png,244676,J. Schendelaar,GK,Goalkeeper,0
/kaggle/working/images/Goalkeeper/256234.png,256234,T. Tagawa,GK,Goalkeeper,0
/kaggle/working/images/Goalkeeper/239559.png,239559,J. de Lange,GK,Goalkeeper,0
/kaggle/working/images/Goalkeeper/216264.png,216264,J. Dixon,GK,Goalkeeper,0
/kaggle/working/images/Goalkeeper/191803.png,191803,T. Hasegawa,GK,Goalkeeper,0
/kaggle/working/images/Goalkeeper/255494.png,255494,J. Tånnander,GK,Goalkeeper,0
/kaggle/working/images/Goalkeeper/199987.png,199987,J. Cillessen,GK,Goalkeeper,0
/kaggle/working/images/Goalkeeper/239248.png,239248,Sergi Puig,GK,Goalkeeper,0
/kaggle/working/images/Goalkeeper/253636.png,253636,P. Galindo,GK,Goalkeeper,0
/kaggle/working/images/Goalkeeper/260522.png,260522,A. Taleb,GK,Goalkeeper,0
/kaggle/working/images/Goalkeeper/252552.png,252552,K. Tzolakis,GK,Goalkeeper,0
/kaggle/working/images/Goalkeeper/262417.png,262417,Daniel Figueira,GK,Goalkeeper,0
/kaggle/working/images/Goalkeeper/219705.png,219705,D. Węglarz,GK,Goalkeeper,0
/kaggle/working/images/Goalkeeper/242289.png,242289,C. Hazard,GK,Goalkeeper,0
/kaggle/working/images/Goalkeeper/244001.png,244001,T. Weiner,GK,Goalkeeper,0
/kaggle/working/images/Goalkeeper/183596.png,183596,E. Domaschke,GK,Goalkeeper,0
/kaggle/working/images/Goalkeeper/262624.png,262624,N. Michael,GK,Goalkeeper,0
/kaggle/working/images/Goalkeeper/222562.png,222562,R. Rúnarsson,GK,Goalkeeper,0
/kaggle/working/images/Goalkeeper/194894.png,194894,F. Rossi,GK,Goalkeeper,0
/kaggle/working/images/Goalkeeper/204883.png,204883,B. Samba,GK,Goalkeeper,0
/kaggle/working/images/Goalkeeper/222876.png,222876,J. Smith,GK,Goalkeeper,0
/kaggle/working/images/Goalkeeper/229542.png,229542,A. Desmas,GK,Goalkeeper,0
/kaggle/working/images/Goalkeeper/258763.png,258763,M. Delanghe,GK,Goalkeeper,0
/kaggle/working/images/Goalkeeper/198625.png,198625,S. Bain,GK,Goalkeeper,0
/kaggle/working/images/Goalkeeper/242934.png,242934,B. Petersen,GK,Goalkeeper,0
/kaggle/working/images/Goalkeeper/234050.png,234050,S. Mbaye,GK,Goalkeeper,0
/kaggle/working/images/Goalkeeper/188938.png,188938,C. Álvarez,GK,Goalkeeper,0
/kaggle/working/images/Goalkeeper/261014.png,261014,A. Desábato,GK,Goalkeeper,0
/kaggle/working/images/Goalkeeper/189233.png,189233,T. Vaiho,GK,Goalkeeper,0
/kaggle/working/images/Goalkeeper/262931.png,262931,T. Ernst,GK,Goalkeeper,0
/kaggle/working/images/Goalkeeper/243130.png,243130,D. Andersen,GK,Goalkeeper,0
/kaggle/working/images/Goalkeeper/262865.png,262865,F. Sanguinetti,GK,Goalkeeper,0
/kaggle/working/images/Goalkeeper/198009.png,198009,M. Perin,GK,Goalkeeper,0
/kaggle/working/images/Goalkeeper/192201.png,192201,P. Abrahamsson,GK,Goalkeeper,0
/kaggle/working/images/Goalkeeper/257425.png,257425,G. Gutiérrez,GK,Goalkeeper,0
/kaggle/working/images/Goalkeeper/260146.png,260146,L. Sharma,GK,Goalkeeper,0
/kaggle/working/images/Goalkeeper/235999.png,235999,L. García,GK,Goalkeeper,0
/kaggle/working/images/Goalkeeper/241327.png,241327,Chen Wei,GK,Goalkeeper,0
/kaggle/working/images/Goalkeeper/231237.png,231237,P. Jensen,GK,Goalkeeper,0
/kaggle/working/images/Goalkeeper/254297.png,254297,Z. Görgen,GK,Goalkeeper,0
/kaggle/working/images/Goalkeeper/239727.png,239727,R. Díaz,GK,Goalkeeper,0
/kaggle/working/images/Goalkeeper/204502.png,204502,M. Ingram,GK,Goalkeeper,0
/kaggle/working/images/Goalkeeper/257914.png,257914,J. Kersken,GK,Goalkeeper,0
/kaggle/working/images/Goalkeeper/253846.png,253846,R. Bentancur,GK,Goalkeeper,0
/kaggle/working/images/Goalkeeper/237426.png,237426,H. Nakabayashi,GK,Goalkeeper,0
/kaggle/working/images/Goalkeeper/244409.png,244409,F. Faist,GK,Goalkeeper,0
/kaggle/working/images/Goalkeeper/214525.png,214525,D. Richards,GK,Goalkeeper,0
/kaggle/working/images/Goalkeeper/157804.png,157804,S. Carson,GK,Goalkeeper,0
/kaggle/working/images/Goalkeeper/183533.png,183533,D. Lyness,GK,Goalkeeper,0
/kaggle/working/images/Goalkeeper/211827.png,211827,P. Klewin,GK,Goalkeeper,0
/kaggle/working/images/Goalkeeper/243573.png,243573,A. Racioppi,GK,Goalkeeper,0
/kaggle/working/images/Goalkeeper/240704.png,240704,Guo Quanbo,GK,Goalkeeper,0
/kaggle/working/images/Goalkeeper/232082.png,232082,A. Tarbell,GK,Goalkeeper,0
/kaggle/working/images/Goalkeeper/236758.png,236758,O. Christensen,GK,Goalkeeper,0
/kaggle/working/images/Goalkeeper/225116.png,225116,A. Meret,GK,Goalkeeper,0
/kaggle/working/images/Goalkeeper/251753.png,251753,J. Odehnal,GK,Goalkeeper,0
/kaggle/working/images/Goalkeeper/246740.png,246740,G. Dietsch,GK,Goalkeeper,0
/kaggle/working/images/Goalkeeper/263139.png,263139,D. Greif,GK,Goalkeeper,0
/kaggle/working/images/Goalkeeper/260305.png,260305,H. Mociu,GK,Goalkeeper,0
/kaggle/working/images/Goalkeeper/252160.png,252160,M. Deman,GK,Goalkeeper,0
/kaggle/working/images/Goalkeeper/235073.png,235073,G. Kobel,GK,Goalkeeper,0
/kaggle/working/images/Goalkeeper/244583.png,244583,M. Wenssens,GK,Goalkeeper,0
/kaggle/working/images/Goalkeeper/231056.png,231056,S. Marinović,GK,Goalkeeper,0
/kaggle/working/images/Goalkeeper/238570.png,238570,Song Bum Keun,GK,Goalkeeper,0
/kaggle/working/images/Goalkeeper/198355.png,198355,S. Clark,GK,Goalkeeper,0
/kaggle/working/images/Goalkeeper/230621.png,230621,G. Donnarumma,GK,Goalkeeper,0
/kaggle/working/images/Goalkeeper/225061.png,225061,A. Al Ruhaili,GK,Goalkeeper,0
/kaggle/working/images/Goalkeeper/240955.png,240955,T. Durso,GK,Goalkeeper,0
/kaggle/working/images/Goalkeeper/162052.png,162052,D. Ousted,GK,Goalkeeper,0
/kaggle/working/images/Goalkeeper/204825.png,204825,B. Wilson,GK,Goalkeeper,0
/kaggle/working/images/Goalkeeper/186569.png,186569,S. Ulreich,GK,Goalkeeper,0
/kaggle/working/images/Goalkeeper/259899.png,259899,J. Romero,GK,Goalkeeper,0
/kaggle/working/images/Goalkeeper/163600.png,163600,J. Ruddy,GK,Goalkeeper,0
/kaggle/working/images/Goalkeeper/220314.png,220314,O. Marciano,GK,Goalkeeper,0
/kaggle/working/images/Goalkeeper/238186.png,238186,M. Bułka,GK,Goalkeeper,0
/kaggle/working/images/Goalkeeper/242297.png,242297,A. Søndergaard,GK,Goalkeeper,0
/kaggle/working/images/Goalkeeper/214680.png,214680,G. Gallon,GK,Goalkeeper,0
/kaggle/working/images/Goalkeeper/235237.png,235237,R. Jendrusch,GK,Goalkeeper,0
/kaggle/working/images/Goalkeeper/163155.png,163155,B. Foster,GK,Goalkeeper,0
/kaggle/working/images/Goalkeeper/255290.png,255290,João Monteiro,GK,Goalkeeper,0
/kaggle/working/images/Goalkeeper/259718.png,259718,F. Gebhardt,GK,Goalkeeper,0
/kaggle/working/images/Goalkeeper/235018.png,235018,M. Nicolas,GK,Goalkeeper,0
/kaggle/working/images/Goalkeeper/259168.png,259168,Y. Maronne,GK,Goalkeeper,0
/kaggle/working/images/Goalkeeper/245865.png,245865,S. Bajic,GK,Goalkeeper,0
/kaggle/working/images/Goalkeeper/257742.png,257742,B. Preda,GK,Goalkeeper,0
/kaggle/working/images/Goalkeeper/261984.png,261984,Wang Jinshuai,GK,Goalkeeper,0
/kaggle/working/images/Goalkeeper/191924.png,191924,Lee Bum Young,GK,Goalkeeper,0
/kaggle/working/images/Goalkeeper/263154.png,263154,Sergio Díaz,GK,Goalkeeper,0
/kaggle/working/images/Defender/263842.png,263842,J. Khemdee,CB,Defender,1
/kaggle/working/images/Defender/260206.png,260206,H. Ishii,CB,Defender,1
/kaggle/working/images/Defender/262639.png,262639,M. Jovicic,CB,Defender,1
/kaggle/working/images/Defender/244859.png,244859,J. David,CB,Defender,1
/kaggle/working/images/Defender/229237.png,229237,M. Akanji,CB,Defender,1
/kaggle/working/images/Defender/191980.png,191980,Yun Suk Young,CB,Defender,1
/kaggle/working/images/Defender/189390.png,189390,B. Oczipka,LB,Defender,1
/kaggle/working/images/Defender/192816.png,192816,L. Cabrera,CB,Defender,1
/kaggle/working/images/Defender/246061.png,246061,A. Solano,RB,Defender,1
/kaggle/working/images/Defender/192641.png,192641,K. Vogt,CB,Defender,1
/kaggle/working/images/Defender/193011.png,193011,S. Cook,CB,Defender,1
/kaggle/working/images/Defender/262158.png,262158,Y. Nadrani,CB,Defender,1
/kaggle/working/images/Defender/257725.png,257725,D. Oancea,RWB,Defender,1
/kaggle/working/images/Defender/231697.png,231697,A. Arroyo,RB,Defender,1
/kaggle/working/images/Defender/252707.png,252707,R. Yapi,RWB,Defender,1
/kaggle/working/images/Defender/246079.png,246079,J. Redmond,CB,Defender,1
/kaggle/working/images/Defender/238920.png,238920,J. Córdova,RB,Defender,1
/kaggle/working/images/Defender/235918.png,235918,T. Paredes,CB,Defender,1
/kaggle/working/images/Defender/238629.png,238629,M. Akoto,CB,Defender,1
/kaggle/working/images/Defender/234032.png,234032,Lluís López,CB,Defender,1
/kaggle/working/images/Defender/251068.png,251068,M. Dobrescu,LB,Defender,1
/kaggle/working/images/Defender/211203.png,211203,S. Long,RB,Defender,1
/kaggle/working/images/Defender/225873.png,225873,R. Feely,RB,Defender,1
/kaggle/working/images/Defender/261225.png,261225,N. Lonwijk,CB,Defender,1
/kaggle/working/images/Defender/259576.png,259576,B. Aguirre,RB,Defender,1
/kaggle/working/images/Defender/244800.png,244800,Kim Moon Hwan,RB,Defender,1
/kaggle/working/images/Defender/259697.png,259697,L. Colmán,CB,Defender,1
/kaggle/working/images/Defender/204539.png,204539,L. Advíncula,RB,Defender,1
/kaggle/working/images/Defender/252999.png,252999,V. Zagaritis,LB,Defender,1
/kaggle/working/images/Defender/236244.png,236244,T. Sibbick,CB,Defender,1
/kaggle/working/images/Defender/251895.png,251895,S. Adewoye,CB,Defender,1
/kaggle/working/images/Defender/199667.png,199667,R. Funes Mori,CB,Defender,1
/kaggle/working/images/Defender/184269.png,184269,M. Ellis,CB,Defender,1
/kaggle/working/images/Defender/244383.png,244383,M. Burda,CB,Defender,1
/kaggle/working/images/Defender/257019.png,257019,H. Gambor,CB,Defender,1
/kaggle/working/images/Defender/234668.png,234668,F. Ananou,RB,Defender,1
/kaggle/working/images/Defender/208099.png,208099,I. Runje,CB,Defender,1
/kaggle/working/images/Defender/209889.png,209889,R. Guerreiro,LB,Defender,1
/kaggle/working/images/Defender/237221.png,237221,J. Foyth,CB,Defender,1
/kaggle/working/images/Defender/248259.png,248259,S. Cabrera,LB,Defender,1
/kaggle/working/images/Defender/263556.png,263556,Rodrigo Guth,CB,Defender,1
/kaggle/working/images/Defender/256992.png,256992,K. Singh,RB,Defender,1
/kaggle/working/images/Defender/209378.png,209378,B. van Hintum,CB,Defender,1
/kaggle/working/images/Defender/262788.png,262788,M. Sivis,RB,Defender,1
/kaggle/working/images/Defender/219091.png,219091,J. Fuentes,CB,Defender,1
/kaggle/working/images/Defender/201988.png,201988,F. Fernández,CB,Defender,1
/kaggle/working/images/Defender/216283.png,216283,Danilo,LB,Defender,1
/kaggle/working/images/Defender/253237.png,253237,A. Cougo,LB,Defender,1
/kaggle/working/images/Defender/262668.png,262668,J. Makengo,CB,Defender,1
/kaggle/working/images/Defender/179696.png,179696,E. Insúa,LB,Defender,1
/kaggle/working/images/Defender/222618.png,222618,Kim Sang Won,LB,Defender,1
/kaggle/working/images/Defender/251539.png,251539,B. Lambert,CB,Defender,1
/kaggle/working/images/Defender/238476.png,238476,D. Zagadou,CB,Defender,1
/kaggle/working/images/Defender/255660.png,255660,T. Hallstensen,CB,Defender,1
/kaggle/working/images/Defender/261663.png,261663,I. Kandouss,CB,Defender,1
/kaggle/working/images/Defender/172862.png,172862,N. Moisander,CB,Defender,1
/kaggle/working/images/Defender/177320.png,177320,J. Zavala,CB,Defender,1
/kaggle/working/images/Defender/193267.png,193267,F. Pisacane,CB,Defender,1
/kaggle/working/images/Defender/241728.png,241728,N. Milunović,CB,Defender,1
/kaggle/working/images/Defender/186345.png,186345,K. Trippier,RB,Defender,1
/kaggle/working/images/Defender/205857.png,205857,E. Mathoho,CB,Defender,1
/kaggle/working/images/Defender/222734.png,222734,Kang Sang Woo,LB,Defender,1
/kaggle/working/images/Defender/250966.png,250966,A. Bogusz,LB,Defender,1
/kaggle/working/images/Defender/261700.png,261700,A. Flanagan,LB,Defender,1
/kaggle/working/images/Defender/175589.png,175589,Feng Xiaoting,CB,Defender,1
/kaggle/working/images/Defender/263257.png,263257,K. Tabiś,RWB,Defender,1
/kaggle/working/images/Defender/241445.png,241445,A. Sissoko,RB,Defender,1
/kaggle/working/images/Defender/264154.png,264154,S. Visentin,CB,Defender,1
/kaggle/working/images/Defender/221990.png,221990,Y. Cabral,CB,Defender,1
/kaggle/working/images/Defender/204222.png,204222,M. Dolan,CB,Defender,1
/kaggle/working/images/Defender/182362.png,182362,Tan Wangsong,RB,Defender,1
/kaggle/working/images/Defender/242958.png,242958,P. Jaeckel,CB,Defender,1
/kaggle/working/images/Defender/205551.png,205551,Álvaro Lemos,RB,Defender,1
/kaggle/working/images/Defender/202849.png,202849,J. Vestergaard,CB,Defender,1
/kaggle/working/images/Defender/209846.png,209846,C. Günter,LB,Defender,1
/kaggle/working/images/Defender/219145.png,219145,G. Maripán,CB,Defender,1
/kaggle/working/images/Defender/229303.png,229303,B. Colula,RB,Defender,1
/kaggle/working/images/Defender/238683.png,238683,A. Sicker,LB,Defender,1
/kaggle/working/images/Defender/235004.png,235004,G. Suso,CB,Defender,1
/kaggle/working/images/Defender/193957.png,193957,C. Montaño,LB,Defender,1
/kaggle/working/images/Defender/212183.png,212183,Nacho,LB,Defender,1
/kaggle/working/images/Defender/251587.png,251587,Jeremy,LB,Defender,1
/kaggle/working/images/Defender/257631.png,257631,M. Bartolewski,LB,Defender,1
/kaggle/working/images/Defender/177790.png,177790,A. Jędrzejczyk,CB,Defender,1
/kaggle/working/images/Defender/203850.png,203850,C. Dibon,CB,Defender,1
/kaggle/working/images/Defender/202978.png,202978,Min Sang Gi,CB,Defender,1
/kaggle/working/images/Defender/203966.png,203966,D. Kempe,LB,Defender,1
/kaggle/working/images/Defender/169481.png,169481,E. Nolan,CB,Defender,1
/kaggle/working/images/Defender/229905.png,229905,A. Bardakcı,CB,Defender,1
/kaggle/working/images/Defender/246183.png,246183,T. Wiesner,RB,Defender,1
/kaggle/working/images/Defender/228784.png,228784,Q. Lajami,CB,Defender,1
/kaggle/working/images/Defender/232511.png,232511,S. Sasaki,CB,Defender,1
/kaggle/working/images/Defender/216578.png,216578,C. Nica,RB,Defender,1
/kaggle/working/images/Defender/259116.png,259116,A. Zohouri,RB,Defender,1
/kaggle/working/images/Defender/263968.png,263968,K. Sow,CB,Defender,1
/kaggle/working/images/Defender/223566.png,223566,W. Dammers,CB,Defender,1
/kaggle/working/images/Defender/225263.png,225263,D. Ćaleta-Car,CB,Defender,1
/kaggle/working/images/Defender/232270.png,232270,T. Fosu-Mensah,RB,Defender,1
/kaggle/working/images/Defender/241562.png,241562,N. Díaz,CB,Defender,1
/kaggle/working/images/Defender/189899.png,189899,V. Wormgoor,CB,Defender,1
/kaggle/working/images/Defender/256197.png,256197,P. Hincapié,CB,Defender,1
/kaggle/working/images/Defender/250918.png,250918,S. Bakari,RB,Defender,1
/kaggle/working/images/Defender/214365.png,214365,M. Galain,CB,Defender,1
/kaggle/working/images/Defender/225410.png,225410,A. Masina,LB,Defender,1
/kaggle/working/images/Defender/259583.png,259583,D. Udogie,LB,Defender,1
/kaggle/working/images/Defender/241464.png,241464,Pau Torres,CB,Defender,1
/kaggle/working/images/Defender/252835.png,252835,G. Horton,CB,Defender,1
/kaggle/working/images/Defender/214038.png,214038,S. Mosquera,CB,Defender,1
/kaggle/working/images/Defender/260203.png,260203,J. Luján,CB,Defender,1
/kaggle/working/images/Defender/263550.png,263550,R. Capellini,CB,Defender,1
/kaggle/working/images/Defender/262141.png,262141,A. Calut,LB,Defender,1
/kaggle/working/images/Defender/228376.png,228376,A. Hayden,CB,Defender,1
/kaggle/working/images/Defender/247631.png,247631,M. Rakip,RB,Defender,1
/kaggle/working/images/Defender/235572.png,235572,R. Sykes,CB,Defender,1
/kaggle/working/images/Defender/192679.png,192679,Escudero,LB,Defender,1
/kaggle/working/images/Defender/253322.png,253322,L. Quiñonez,LB,Defender,1
/kaggle/working/images/Defender/261083.png,261083,B. Valdez,LB,Defender,1
/kaggle/working/images/Defender/172018.png,172018,J. Maidana,CB,Defender,1
/kaggle/working/images/Defender/258655.png,258655,D. Bureković,LB,Defender,1
/kaggle/working/images/Defender/247946.png,247946,A. Dobrosavlevici,CB,Defender,1
/kaggle/working/images/Defender/262004.png,262004,M. Campagna,CB,Defender,1
/kaggle/working/images/Defender/202801.png,202801,Elton Monteiro,CB,Defender,1
/kaggle/working/images/Defender/255942.png,255942,M. Tamás,CB,Defender,1
/kaggle/working/images/Defender/254995.png,254995,T. Tamas,LB,Defender,1
/kaggle/working/images/Defender/246991.png,246991,L. Scales,CB,Defender,1
/kaggle/working/images/Defender/259919.png,259919,O. Ekroth,CB,Defender,1
/kaggle/working/images/Defender/228508.png,228508,F. Kalig,CB,Defender,1
/kaggle/working/images/Defender/221354.png,221354,M. Veljković,CB,Defender,1
/kaggle/working/images/Defender/211189.png,211189,B. Meccariello,CB,Defender,1
/kaggle/working/images/Defender/212420.png,212420,M. Sarr,CB,Defender,1
/kaggle/working/images/Defender/261921.png,261921,Sun Qinhan,LB,Defender,1
/kaggle/working/images/Defender/223046.png,223046,A. Çalık,CB,Defender,1
/kaggle/working/images/Defender/246748.png,246748,Aihen Muñoz,LB,Defender,1
/kaggle/working/images/Defender/222240.png,222240,Ji Xiang,RB,Defender,1
/kaggle/working/images/Defender/261140.png,261140,J. Brown,RB,Defender,1
/kaggle/working/images/Defender/253147.png,253147,T. Datković,CB,Defender,1
/kaggle/working/images/Defender/253106.png,253106,T. Rushesha,RB,Defender,1
/kaggle/working/images/Defender/215301.png,215301,L. Jones,CB,Defender,1
/kaggle/working/images/Defender/251616.png,251616,David Carmo,CB,Defender,1
/kaggle/working/images/Defender/244117.png,244117,É. Vandenabeele,CB,Defender,1
/kaggle/working/images/Defender/224433.png,224433,K. Burger,CB,Defender,1
/kaggle/working/images/Defender/215399.png,215399,Rúben Vezo,CB,Defender,1
/kaggle/working/images/Defender/184501.png,184501,M. Lang,RB,Defender,1
/kaggle/working/images/Defender/207622.png,207622,M. Bjørnbak,CB,Defender,1
/kaggle/working/images/Defender/246164.png,246164,L. Valenti,CB,Defender,1
/kaggle/working/images/Defender/247963.png,247963,I. Larie,CB,Defender,1
/kaggle/working/images/Defender/215015.png,215015,B. Bianchi,CB,Defender,1
/kaggle/working/images/Defender/215665.png,215665,Filipe Ferreira,LB,Defender,1
/kaggle/working/images/Defender/222192.png,222192,Sun Guowen,LB,Defender,1
/kaggle/working/images/Defender/257223.png,257223,M. Winther,CB,Defender,1
/kaggle/working/images/Defender/210384.png,210384,R. Haps,LB,Defender,1
/kaggle/working/images/Defender/257622.png,257622,L. Lyratzis,RB,Defender,1
/kaggle/working/images/Defender/236258.png,236258,N. Loyola,LB,Defender,1
/kaggle/working/images/Defender/254529.png,254529,C. Drameh,RB,Defender,1
/kaggle/working/images/Defender/183377.png,183377,J. Nation,CB,Defender,1
/kaggle/working/images/Defender/199748.png,199748,J. Knudsen,LB,Defender,1
/kaggle/working/images/Defender/242541.png,242541,C. Brown,CB,Defender,1
/kaggle/working/images/Defender/243431.png,243431,Miguel Rubio,CB,Defender,1
/kaggle/working/images/Defender/229705.png,229705,J. Duverne,CB,Defender,1
/kaggle/working/images/Defender/211864.png,211864,D. Dziwniel,LB,Defender,1
/kaggle/working/images/Defender/257924.png,257924,B. Letić,LB,Defender,1
/kaggle/working/images/Defender/205553.png,205553,L. Ceppitelli,CB,Defender,1
/kaggle/working/images/Defender/213901.png,213901,A. Madu,CB,Defender,1
/kaggle/working/images/Defender/200519.png,200519,Pulido,CB,Defender,1
/kaggle/working/images/Defender/242533.png,242533,J. Cascante,CB,Defender,1
/kaggle/working/images/Defender/232194.png,232194,S. Cordero,LB,Defender,1
/kaggle/working/images/Defender/248197.png,248197,V. Murthy,LB,Defender,1
/kaggle/working/images/Defender/244068.png,244068,K. Schlotterbeck,CB,Defender,1
/kaggle/working/images/Defender/231120.png,231120,K. Al Barakah,CB,Defender,1
/kaggle/working/images/Defender/242527.png,242527,S. Ambrosius,CB,Defender,1
/kaggle/working/images/Defender/210665.png,210665,M. Halstenberg,CB,Defender,1
/kaggle/working/images/Defender/222200.png,222200,Liu Jiashen,CB,Defender,1
/kaggle/working/images/Defender/254470.png,254470,L. Thomas,LWB,Defender,1
/kaggle/working/images/Defender/225740.png,225740,Dong Yanfeng,CB,Defender,1
/kaggle/working/images/Defender/257628.png,257628,M. Jonsson,CB,Defender,1
/kaggle/working/images/Defender/235780.png,235780,A. Sosa,CB,Defender,1
/kaggle/working/images/Defender/263703.png,263703,H. Lawrence,RB,Defender,1
/kaggle/working/images/Defender/241411.png,241411,T. Holmes,CB,Defender,1
/kaggle/working/images/Defender/257496.png,257496,A. Anderson,CB,Defender,1
/kaggle/working/images/Defender/200653.png,200653,G. Burdisso,CB,Defender,1
/kaggle/working/images/Defender/227174.png,227174,M. Cash,RB,Defender,1
/kaggle/working/images/Defender/255654.png,255654,P. Kalulu,RB,Defender,1
/kaggle/working/images/Defender/244394.png,244394,Clemente,CB,Defender,1
/kaggle/working/images/Defender/213893.png,213893,L. John,CB,Defender,1
/kaggle/working/images/Defender/183491.png,183491,Zanka,CB,Defender,1
/kaggle/working/images/Defender/245428.png,245428,C. Okoroji,LB,Defender,1
/kaggle/working/images/Defender/220600.png,220600,A. Lundqvist,LB,Defender,1
/kaggle/working/images/Defender/221711.png,221711,C. Duvall,RB,Defender,1
/kaggle/working/images/Defender/244428.png,244428,B. Mykhaylichenko,LB,Defender,1
/kaggle/working/images/Defender/186977.png,186977,O. Merlo,CB,Defender,1
/kaggle/working/images/Defender/204979.png,204979,I. Touray,LB,Defender,1
/kaggle/working/images/Defender/230014.png,230014,E. Iandolo,LB,Defender,1
/kaggle/working/images/Defender/261146.png,261146,D. Štefulj,LB,Defender,1
/kaggle/working/images/Defender/233719.png,233719,Piao Shihao,RB,Defender,1
/kaggle/working/images/Defender/208073.png,208073,Ahn Young Kyu,CB,Defender,1
/kaggle/working/images/Defender/209839.png,209839,T. Letschert,CB,Defender,1
/kaggle/working/images/Defender/223045.png,223045,U. Çiftçi,LB,Defender,1
/kaggle/working/images/Defender/261690.png,261690,R. Di Luciano,RB,Defender,1
/kaggle/working/images/Defender/262768.png,262768,M. Schleef,RWB,Defender,1
/kaggle/working/images/Defender/203551.png,203551,A. Florenzi,RB,Defender,1
/kaggle/working/images/Defender/214194.png,214194,A. Correa,LB,Defender,1
/kaggle/working/images/Defender/258210.png,258210,N. Marichal,CB,Defender,1
/kaggle/working/images/Defender/261675.png,261675,B. Traoré,CB,Defender,1
/kaggle/working/images/Defender/255851.png,255851,K. Tachi,CB,Defender,1
/kaggle/working/images/Defender/237503.png,237503,C. Oduor,LWB,Defender,1
/kaggle/working/images/Defender/246282.png,246282,Salva Ferrer,RB,Defender,1
/kaggle/working/images/Defender/241745.png,241745,N. Quina,LB,Defender,1
/kaggle/working/images/Defender/223091.png,223091,R. Donelon,LB,Defender,1
/kaggle/working/images/Defender/158800.png,158800,W. Janssen,CB,Defender,1
/kaggle/working/images/Defender/200607.png,200607,C. Schindler,CB,Defender,1
/kaggle/working/images/Defender/207431.png,207431,Insua,CB,Defender,1
/kaggle/working/images/Defender/213404.png,213404,P. Dawidowicz,CB,Defender,1
/kaggle/working/images/Defender/262597.png,262597,A. Malanda,CB,Defender,1
/kaggle/working/images/Defender/233770.png,233770,Kang Yun Seong,RB,Defender,1
/kaggle/working/images/Defender/229749.png,229749,A. Barboza,CB,Defender,1
/kaggle/working/images/Defender/232675.png,232675,M. Al Mufarrij,CB,Defender,1
/kaggle/working/images/Defender/243506.png,243506,Zhou Xin,RB,Defender,1
/kaggle/working/images/Defender/261496.png,261496,M. Dijakovic,CB,Defender,1
/kaggle/working/images/Defender/236403.png,236403,E. Ndicka,CB,Defender,1
/kaggle/working/images/Defender/246606.png,246606,Fran García,LB,Defender,1
/kaggle/working/images/Defender/261565.png,261565,J. Bell,CB,Defender,1
/kaggle/working/images/Defender/188607.png,188607,R. Salinas,RB,Defender,1
/kaggle/working/images/Defender/214763.png,214763,P. Goltz,CB,Defender,1
/kaggle/working/images/Defender/183907.png,183907,J. Boateng,CB,Defender,1
/kaggle/working/images/Defender/238157.png,238157,M. Roerslev,RWB,Defender,1
/kaggle/working/images/Defender/262677.png,262677,M. Świdzikowski,CB,Defender,1
/kaggle/working/images/Defender/200577.png,200577,Lee Yong,RB,Defender,1
/kaggle/working/images/Defender/253008.png,253008,K. Álvarez,RB,Defender,1
/kaggle/working/images/Defender/171896.png,171896,H. Ayala,CB,Defender,1
/kaggle/working/images/Defender/231485.png,231485,A. Tuanzebe,CB,Defender,1
/kaggle/working/images/Defender/247236.png,247236,Euclides Cabral,RB,Defender,1
/kaggle/working/images/Defender/233068.png,233068,Iván González,CB,Defender,1
/kaggle/working/images/Defender/245439.png,245439,G. Ferrari,CB,Defender,1
/kaggle/working/images/Defender/204401.png,204401,Diogo Figueiras,RB,Defender,1
/kaggle/working/images/Defender/229360.png,229360,Unai Bilbao,CB,Defender,1
/kaggle/working/images/Defender/240100.png,240100,T. Augello,LB,Defender,1
/kaggle/working/images/Defender/200408.png,200408,B. Gibson,CB,Defender,1
/kaggle/working/images/Defender/260320.png,260320,N. Fuke,LB,Defender,1
/kaggle/working/images/Defender/255106.png,255106,L. Badé,CB,Defender,1
/kaggle/working/images/Defender/245906.png,245906,M. Fagan-Walcott,CB,Defender,1
/kaggle/working/images/Defender/245065.png,245065,D. Palacios,LB,Defender,1
/kaggle/working/images/Defender/239360.png,239360,P. Struijk,CB,Defender,1
/kaggle/working/images/Defender/155334.png,155334,Kang Min Soo,CB,Defender,1
/kaggle/working/images/Defender/149697.png,149697,M. McChrystal,CB,Defender,1
/kaggle/working/images/Defender/251451.png,251451,F. Jäkel,CB,Defender,1
/kaggle/working/images/Defender/263075.png,263075,J. Sambu Mansoni,RB,Defender,1
/kaggle/working/images/Defender/187205.png,187205,L. Fuentes,LB,Defender,1
/kaggle/working/images/Defender/205584.png,205584,M. Ihiekwe,CB,Defender,1
/kaggle/working/images/Defender/247148.png,247148,J. Segovia,CB,Defender,1
/kaggle/working/images/Defender/239096.png,239096,A. Karazor,CB,Defender,1
/kaggle/working/images/Defender/236271.png,236271,L. Caicedo,CB,Defender,1
/kaggle/working/images/Defender/256939.png,256939,F. Suffys,RB,Defender,1
/kaggle/working/images/Defender/257068.png,257068,P. Bonilla,RB,Defender,1
/kaggle/working/images/Defender/263083.png,263083,M. Hinnenkamp,CB,Defender,1
/kaggle/working/images/Defender/200797.png,200797,L. Néry,RB,Defender,1
/kaggle/working/images/Defender/210625.png,210625,K. Mbabu,RB,Defender,1
/kaggle/working/images/Defender/231098.png,231098,C. Traoré,LB,Defender,1
/kaggle/working/images/Defender/255384.png,255384,O. Vanegas,CB,Defender,1
/kaggle/working/images/Defender/210635.png,210635,K. Hause,CB,Defender,1
/kaggle/working/images/Defender/208391.png,208391,R. Ofori,LB,Defender,1
/kaggle/working/images/Defender/189946.png,189946,V. Manceau,RB,Defender,1
/kaggle/working/images/Defender/243080.png,243080,Carlos Isaac,RB,Defender,1
/kaggle/working/images/Defender/245768.png,245768,J. Lawrence,CB,Defender,1
/kaggle/working/images/Defender/217565.png,217565,Jubal,CB,Defender,1
/kaggle/working/images/Defender/251530.png,251530,Nuno Tavares,LB,Defender,1
/kaggle/working/images/Defender/211888.png,211888,M. Willsch,RB,Defender,1
/kaggle/working/images/Defender/239210.png,239210,F. Eboa Eboa,CB,Defender,1
/kaggle/working/images/Defender/211067.png,211067,D. Del Fabro,CB,Defender,1
/kaggle/working/images/Defender/251590.png,251590,L. Richards,CB,Defender,1
/kaggle/working/images/Defender/208520.png,208520,H. Sakai,RB,Defender,1
/kaggle/working/images/Defender/253337.png,253337,D. Enríquez,CB,Defender,1
/kaggle/working/images/Defender/240130.png,240130,Éder Militão,CB,Defender,1
/kaggle/working/images/Defender/223597.png,223597,R. Aguilar,RB,Defender,1
/kaggle/working/images/Defender/255856.png,255856,S. Mandi,LB,Defender,1
/kaggle/working/images/Defender/199779.png,199779,A. Hoffmann,CB,Defender,1
/kaggle/working/images/Defender/253165.png,253165,M. Sarıkaya,RB,Defender,1
/kaggle/working/images/Defender/188989.png,188989,F. Riedel,CB,Defender,1
/kaggle/working/images/Defender/233413.png,233413,Verdasca,CB,Defender,1
/kaggle/working/images/Defender/172561.png,172561,M. Lumb,LWB,Defender,1
/kaggle/working/images/Defender/247863.png,247863,K. Takahata,CB,Defender,1
/kaggle/working/images/Defender/262773.png,262773,J. Langfeld,RWB,Defender,1
/kaggle/working/images/Defender/234686.png,234686,J. Lotomba,RB,Defender,1
/kaggle/working/images/Defender/202749.png,202749,Kim Oh Gyu,CB,Defender,1
/kaggle/working/images/Defender/238880.png,238880,J. Pestaña,CB,Defender,1
/kaggle/working/images/Defender/204847.png,204847,T. Kane,RWB,Defender,1
/kaggle/working/images/Defender/220388.png,220388,S. Chakla,CB,Defender,1
/kaggle/working/images/Defender/256174.png,256174,J. Herrera,CB,Defender,1
/kaggle/working/images/Defender/220651.png,220651,Angeliño,LWB,Defender,1
/kaggle/working/images/Defender/214765.png,214765,M. Herrera,CB,Defender,1
/kaggle/working/images/Defender/239480.png,239480,S. Härtel,LB,Defender,1
/kaggle/working/images/Defender/246807.png,246807,T. Cissokho,CB,Defender,1
/kaggle/working/images/Defender/262160.png,262160,W. Faye,CB,Defender,1
/kaggle/working/images/Defender/257188.png,257188,Erik,LB,Defender,1
/kaggle/working/images/Defender/229942.png,229942,A. Disasi,CB,Defender,1
/kaggle/working/images/Defender/262521.png,262521,R. Austin,CB,Defender,1
/kaggle/working/images/Defender/237310.png,237310,D. Mitchell,LB,Defender,1
/kaggle/working/images/Defender/254427.png,254427,O. Añez,RB,Defender,1
/kaggle/working/images/Defender/185243.png,185243,H. Kambou,CB,Defender,1
/kaggle/working/images/Defender/263351.png,263351,A. Demici,LB,Defender,1
/kaggle/working/images/Defender/246444.png,246444,T. Iwata,CB,Defender,1
/kaggle/working/images/Defender/246914.png,246914,R. Rojas,CB,Defender,1
/kaggle/working/images/Defender/186156.png,186156,L. Ayling,RB,Defender,1
/kaggle/working/images/Defender/236365.png,236365,C. Wood,LB,Defender,1
/kaggle/working/images/Defender/214412.png,214412,P. Magalhães,RB,Defender,1
/kaggle/working/images/Defender/240278.png,240278,S. Szota,CB,Defender,1
/kaggle/working/images/Defender/223018.png,223018,T. Ünlü,RB,Defender,1
/kaggle/working/images/Defender/258812.png,258812,T. Siersleben,CB,Defender,1
/kaggle/working/images/Defender/228283.png,228283,R. Civelek,RB,Defender,1
/kaggle/working/images/Defender/221989.png,221989,F. Aliti,LB,Defender,1
/kaggle/working/images/Defender/186521.png,186521,B. Espinosa,CB,Defender,1
/kaggle/working/images/Defender/220093.png,220093,H. Hateboer,RWB,Defender,1
/kaggle/working/images/Defender/157665.png,157665,S. Dann,CB,Defender,1
/kaggle/working/images/Defender/241102.png,241102,M. Lercher,LB,Defender,1
/kaggle/working/images/Defender/219661.png,219661,P. Jaroszyński,CB,Defender,1
/kaggle/working/images/Defender/246048.png,246048,A. Reyes,CB,Defender,1
/kaggle/working/images/Defender/243428.png,243428,N. Jenssen,CB,Defender,1
/kaggle/working/images/Defender/252095.png,252095,Riccieli,CB,Defender,1
/kaggle/working/images/Defender/222660.png,222660,Hwang Hyun Soo,CB,Defender,1
/kaggle/working/images/Defender/227921.png,227921,M. Pouraliganji,CB,Defender,1
/kaggle/working/images/Defender/203749.png,203749,S. Bradley,CB,Defender,1
/kaggle/working/images/Defender/200309.png,200309,T. Darikwa,RB,Defender,1
/kaggle/working/images/Defender/258530.png,258530,B. Rowe,RWB,Defender,1
/kaggle/working/images/Defender/262950.png,262950,H. Bah-Traoré,RB,Defender,1
/kaggle/working/images/Defender/182412.png,182412,Dai Lin,CB,Defender,1
/kaggle/working/images/Defender/259217.png,259217,S. Fernandes,LB,Defender,1
/kaggle/working/images/Defender/204638.png,204638,W. Orban,CB,Defender,1
/kaggle/working/images/Defender/231633.png,231633,I. Diop,CB,Defender,1
/kaggle/working/images/Defender/198538.png,198538,B. Paulsen,CB,Defender,1
/kaggle/working/images/Defender/259464.png,259464,D. Devine,CB,Defender,1
/kaggle/working/images/Defender/214993.png,214993,P. Alvarado,CB,Defender,1
/kaggle/working/images/Defender/210361.png,210361,B. Godeau,CB,Defender,1
/kaggle/working/images/Defender/143699.png,143699,G. Gönül,RB,Defender,1
/kaggle/working/images/Defender/219911.png,219911,T. Hlatshwayo,CB,Defender,1
/kaggle/working/images/Defender/198176.png,198176,S. de Vrij,CB,Defender,1
/kaggle/working/images/Defender/239317.png,239317,M. Melbourne,LB,Defender,1
/kaggle/working/images/Defender/257788.png,257788,D. Dassy,LB,Defender,1
/kaggle/working/images/Defender/245628.png,245628,A. Abqar,CB,Defender,1
/kaggle/working/images/Defender/248781.png,248781,P. Bardy,CB,Defender,1
/kaggle/working/images/Defender/198352.png,198352,S. Bell,CB,Defender,1
/kaggle/working/images/Defender/229073.png,229073,J. Dacres-Cogley,RB,Defender,1
/kaggle/working/images/Defender/258889.png,258889,Nathan,RB,Defender,1
/kaggle/working/images/Defender/138949.png,138949,A. Alcáraz,CB,Defender,1
/kaggle/working/images/Defender/245146.png,245146,Y. Rosales,RB,Defender,1
/kaggle/working/images/Defender/247667.png,247667,Kim Tae Hwan,RWB,Defender,1
/kaggle/working/images/Defender/225881.png,225881,R. Coronel,RB,Defender,1
/kaggle/working/images/Defender/241346.png,241346,Jiang Weipeng,CB,Defender,1
/kaggle/working/images/Defender/222773.png,222773,L. Zander,RB,Defender,1
/kaggle/working/images/Defender/232869.png,232869,G. Shoji,CB,Defender,1
/kaggle/working/images/Defender/239879.png,239879,R. Schouten,RB,Defender,1
/kaggle/working/images/Defender/224995.png,224995,W. Pacheco,RB,Defender,1
/kaggle/working/images/Defender/229980.png,229980,C. Montes,CB,Defender,1
/kaggle/working/images/Defender/188421.png,188421,J. Dom,RWB,Defender,1
/kaggle/working/images/Defender/248824.png,248824,P. Bjur,LWB,Defender,1
/kaggle/working/images/Defender/238222.png,238222,F. Beijmo,RB,Defender,1
/kaggle/working/images/Defender/164240.png,164240,Thiago Silva,CB,Defender,1
/kaggle/working/images/Defender/257936.png,257936,Song Yue,CB,Defender,1
/kaggle/working/images/Defender/230747.png,230747,Lucas Taylor,RB,Defender,1
/kaggle/working/images/Defender/211581.png,211581,S. O'Neill,CB,Defender,1
/kaggle/working/images/Defender/223511.png,223511,I. Chebake,RB,Defender,1
/kaggle/working/images/Defender/252316.png,252316,H. Ekdal,CB,Defender,1
/kaggle/working/images/Defender/209063.png,209063,S. Holmén,CB,Defender,1
/kaggle/working/images/Defender/256033.png,256033,E. Topçu,LB,Defender,1
/kaggle/working/images/Defender/260874.png,260874,S. Radić,CB,Defender,1
/kaggle/working/images/Defender/157703.png,157703,U. Hünemeier,CB,Defender,1
/kaggle/working/images/Defender/262547.png,262547,T. Gunte,CB,Defender,1
/kaggle/working/images/Defender/261969.png,261969,B. Villalta,CB,Defender,1
/kaggle/working/images/Defender/243840.png,243840,L. O'Connor,RB,Defender,1
/kaggle/working/images/Defender/176357.png,176357,J. Mousinho,CB,Defender,1
/kaggle/working/images/Defender/247014.png,247014,A. Keita,CB,Defender,1
/kaggle/working/images/Defender/264103.png,264103,Torrente,CB,Defender,1
/kaggle/working/images/Defender/223981.png,223981,M. Clark,LB,Defender,1
/kaggle/working/images/Defender/231540.png,231540,S. Wharton,CB,Defender,1
/kaggle/working/images/Defender/222582.png,222582,Kim Young Bin,CB,Defender,1
/kaggle/working/images/Defender/194785.png,194785,T. Flanagan,CB,Defender,1
/kaggle/working/images/Defender/256518.png,256518,D. Ouédraogo,CB,Defender,1
/kaggle/working/images/Defender/241197.png,241197,A. Al Amri,CB,Defender,1
/kaggle/working/images/Defender/219688.png,219688,Marcos Mauro,CB,Defender,1
/kaggle/working/images/Defender/256964.png,256964,D. Pike,RB,Defender,1
/kaggle/working/images/Defender/261010.png,261010,I. Kanda,RB,Defender,1
/kaggle/working/images/Defender/215052.png,215052,L. Kruspzky,LB,Defender,1
/kaggle/working/images/Defender/237838.png,237838,L. Banks,RB,Defender,1
/kaggle/working/images/Defender/193601.png,193601,G. Pezzella,CB,Defender,1
/kaggle/working/images/Defender/201026.png,201026,Yi Teng,CB,Defender,1
/kaggle/working/images/Defender/240956.png,240956,M. Melluso,LB,Defender,1
/kaggle/working/images/Defender/251517.png,251517,J. Gvardiol,CB,Defender,1
/kaggle/working/images/Defender/260511.png,260511,L. Toco,CB,Defender,1
/kaggle/working/images/Defender/201860.png,201860,E. Bičakčić,CB,Defender,1
/kaggle/working/images/Defender/213591.png,213591,J. Cornejo,LB,Defender,1
/kaggle/working/images/Defender/207910.png,207910,Douglas Grolli,CB,Defender,1
/kaggle/working/images/Defender/245388.png,245388,J. Todibo,CB,Defender,1
/kaggle/working/images/Defender/246803.png,246803,D. Jones,LB,Defender,1
/kaggle/working/images/Defender/251088.png,251088,K. Kościelny,CB,Defender,1
/kaggle/working/images/Defender/165321.png,165321,S. Ward,LB,Defender,1
/kaggle/working/images/Defender/189881.png,189881,C. Smalling,CB,Defender,1
/kaggle/working/images/Defender/263575.png,263575,C. Riedel,CB,Defender,1
/kaggle/working/images/Defender/209196.png,209196,P. Ziereis,CB,Defender,1
/kaggle/working/images/Defender/247131.png,247131,A. Espino,LB,Defender,1
/kaggle/working/images/Defender/195905.png,195905,L. Gutiérrez,CB,Defender,1
/kaggle/working/images/Defender/203558.png,203558,R. Pietrzak,LB,Defender,1
/kaggle/working/images/Defender/260975.png,260975,O. Gallardo,RB,Defender,1
/kaggle/working/images/Defender/255886.png,255886,F. Gerometta,RWB,Defender,1
/kaggle/working/images/Defender/223253.png,223253,E. Haugan,CB,Defender,1
/kaggle/working/images/Defender/243848.png,243848,B. Lyons-Foster,CB,Defender,1
/kaggle/working/images/Defender/239476.png,239476,S. Ingolitsch,RB,Defender,1
/kaggle/working/images/Defender/205556.png,205556,L. Krajnc,CB,Defender,1
/kaggle/working/images/Defender/221846.png,221846,Wang Tong,RB,Defender,1
/kaggle/working/images/Defender/205463.png,205463,M. Thiede,RB,Defender,1
/kaggle/working/images/Defender/226801.png,226801,S. Abdul-Salaam,RB,Defender,1
/kaggle/working/images/Defender/262268.png,262268,Guilherme Soares,CB,Defender,1
/kaggle/working/images/Defender/199304.png,199304,Danilo,RB,Defender,1
/kaggle/working/images/Defender/241458.png,241458,O. Gallacher,LB,Defender,1
/kaggle/working/images/Defender/234148.png,234148,W. Janssens,RB,Defender,1
/kaggle/working/images/Defender/242054.png,242054,Igor Silva,RB,Defender,1
/kaggle/working/images/Defender/198841.png,198841,Jonathan De Amo,CB,Defender,1
/kaggle/working/images/Defender/251836.png,251836,A. Porras,RB,Defender,1
/kaggle/working/images/Defender/198904.png,198904,G. Hanley,CB,Defender,1
/kaggle/working/images/Defender/261725.png,261725,J. Charles,LB,Defender,1
/kaggle/working/images/Defender/246403.png,246403,B. Caicedo,LB,Defender,1
/kaggle/working/images/Defender/244945.png,244945,M. Capasso,CB,Defender,1
/kaggle/working/images/Defender/196952.png,196952,J. Bidwell,LWB,Defender,1
/kaggle/working/images/Defender/179931.png,179931,C. Avinel,CB,Defender,1
/kaggle/working/images/Defender/247908.png,247908,M. Leasă,RB,Defender,1
/kaggle/working/images/Defender/209329.png,209329,Dória,CB,Defender,1
/kaggle/working/images/Defender/246052.png,246052,A. Long,CB,Defender,1
/kaggle/working/images/Defender/198868.png,198868,N. Isimat-Mirin,CB,Defender,1
/kaggle/working/images/Defender/251355.png,251355,M. Shaker,CB,Defender,1
/kaggle/working/images/Defender/226139.png,226139,J. Tamimi,RWB,Defender,1
/kaggle/working/images/Defender/260123.png,260123,W. De Buyser,LB,Defender,1
/kaggle/working/images/Defender/234322.png,234322,Park Byung Hyun,CB,Defender,1
/kaggle/working/images/Defender/233051.png,233051,L. Bolton,RB,Defender,1
/kaggle/working/images/Defender/244067.png,244067,M. Lacroix,CB,Defender,1
/kaggle/working/images/Defender/215540.png,215540,G. Rólantsson,RB,Defender,1
/kaggle/working/images/Defender/259175.png,259175,N. Prabhu,CB,Defender,1
/kaggle/working/images/Defender/212165.png,212165,S. Ohlsson,RB,Defender,1
/kaggle/working/images/Defender/235464.png,235464,J. Storey,CB,Defender,1
/kaggle/working/images/Defender/214650.png,214650,V. Vevatne,CB,Defender,1
/kaggle/working/images/Defender/236629.png,236629,C. Operi,LB,Defender,1
/kaggle/working/images/Defender/243929.png,243929,H. Pernía,CB,Defender,1
/kaggle/working/images/Defender/239998.png,239998,P. Hristov,CB,Defender,1
/kaggle/working/images/Defender/239506.png,239506,S. Hughes,CB,Defender,1
/kaggle/working/images/Defender/244950.png,244950,J. Rodríguez,CB,Defender,1
/kaggle/working/images/Defender/223080.png,223080,H. Dunk,LB,Defender,1
/kaggle/working/images/Defender/242263.png,242263,M. Amundsen,LB,Defender,1
/kaggle/working/images/Defender/251325.png,251325,M. Meyerhöfer,RB,Defender,1
/kaggle/working/images/Defender/235710.png,235710,A. Al Yousif,LB,Defender,1
/kaggle/working/images/Defender/203265.png,203265,T. Blackett,LB,Defender,1
/kaggle/working/images/Defender/210898.png,210898,A. Al Fahad,CB,Defender,1
/kaggle/working/images/Defender/228729.png,228729,B. Valdez,CB,Defender,1
/kaggle/working/images/Defender/241479.png,241479,Mario Hernández,RB,Defender,1
/kaggle/working/images/Defender/206546.png,206546,Pablo Iñiguez,CB,Defender,1
/kaggle/working/images/Defender/197831.png,197831,J. Davidson,LWB,Defender,1
/kaggle/working/images/Defender/211363.png,211363,T. Lockyer,CB,Defender,1
/kaggle/working/images/Defender/261033.png,261033,L. Cáceres,CB,Defender,1
/kaggle/working/images/Defender/222116.png,222116,D. Ramírez,RB,Defender,1
/kaggle/working/images/Defender/233329.png,233329,M. Villanueva,CB,Defender,1
/kaggle/working/images/Defender/204297.png,204297,A. O'Connor,CB,Defender,1
/kaggle/working/images/Defender/207954.png,207954,B. Behrendt,CB,Defender,1
/kaggle/working/images/Defender/221832.png,221832,L. Olaza,LB,Defender,1
/kaggle/working/images/Defender/241506.png,241506,K. Guessoum,CB,Defender,1
/kaggle/working/images/Defender/223934.png,223934,B. Yardımcı,RB,Defender,1
/kaggle/working/images/Defender/241187.png,241187,L. Geertruida,RB,Defender,1
/kaggle/working/images/Defender/241184.png,241184,Junior Firpo,LB,Defender,1
/kaggle/working/images/Defender/263178.png,263178,Oier Luengo,CB,Defender,1
/kaggle/working/images/Defender/261439.png,261439,P. Velasco,LB,Defender,1
/kaggle/working/images/Defender/242306.png,242306,G. Soto,RB,Defender,1
/kaggle/working/images/Defender/263509.png,263509,K. Matuszewski,LB,Defender,1
/kaggle/working/images/Defender/225863.png,225863,O. Boscagli,CB,Defender,1
/kaggle/working/images/Defender/233369.png,233369,L. Montoya,LB,Defender,1
/kaggle/working/images/Defender/192923.png,192923,Y. Bocognano,CB,Defender,1
/kaggle/working/images/Defender/261505.png,261505,B. Ruiz,LB,Defender,1
/kaggle/working/images/Defender/247403.png,247403,R. Cabrera,CB,Defender,1
/kaggle/working/images/Defender/251464.png,251464,I. Van der Brempt,RB,Defender,1
/kaggle/working/images/Defender/231678.png,231678,R. Tongyik,CB,Defender,1
/kaggle/working/images/Defender/188856.png,188856,C. Klem,LB,Defender,1
/kaggle/working/images/Defender/232611.png,232611,K. Miyahara,RB,Defender,1
/kaggle/working/images/Defender/202754.png,202754,C. Râpă,RB,Defender,1
/kaggle/working/images/Defender/263243.png,263243,K. Lepczyński,CB,Defender,1
/kaggle/working/images/Defender/259631.png,259631,Sola,LB,Defender,1
/kaggle/working/images/Defender/247820.png,247820,S. Hanssen,CB,Defender,1
/kaggle/working/images/Defender/237211.png,237211,Yuri Ribeiro,LWB,Defender,1
/kaggle/working/images/Defender/224650.png,224650,Sun Kai,LB,Defender,1
/kaggle/working/images/Defender/225995.png,225995,P. Stojanović,RB,Defender,1
/kaggle/working/images/Defender/226518.png,226518,A. Milić,CB,Defender,1
/kaggle/working/images/Defender/173432.png,173432,H. Moreno,CB,Defender,1
/kaggle/working/images/Defender/258276.png,258276,Joel Pereira,RB,Defender,1
/kaggle/working/images/Defender/213331.png,213331,J. Tah,CB,Defender,1
/kaggle/working/images/Defender/237884.png,237884,L. Ritzka,LB,Defender,1
/kaggle/working/images/Defender/245597.png,245597,Víctor Gómez,RB,Defender,1
/kaggle/working/images/Defender/210413.png,210413,A. Romagnoli,CB,Defender,1
/kaggle/working/images/Defender/258786.png,258786,Zé Carlos,RB,Defender,1
/kaggle/working/images/Defender/231507.png,231507,A. Soto,LB,Defender,1
/kaggle/working/images/Defender/260378.png,260378,J. Rodríguez,LB,Defender,1
/kaggle/working/images/Defender/233098.png,233098,S. Floranus,RB,Defender,1
/kaggle/working/images/Defender/188270.png,188270,B. Ecuélé Manga,CB,Defender,1
/kaggle/working/images/Defender/262823.png,262823,A. Parras,LB,Defender,1
/kaggle/working/images/Defender/255012.png,255012,B. Hernández,RB,Defender,1
/kaggle/working/images/Defender/258598.png,258598,N. Khacef,LB,Defender,1
/kaggle/working/images/Defender/224300.png,224300,H. Matynia,LB,Defender,1
/kaggle/working/images/Defender/226815.png,226815,A. Dia,LB,Defender,1
/kaggle/working/images/Defender/262247.png,262247,M. Posmyk,CB,Defender,1
/kaggle/working/images/Defender/202708.png,202708,L. Palun,LB,Defender,1
/kaggle/working/images/Defender/259396.png,259396,K. Ngwenya,LWB,Defender,1
/kaggle/working/images/Defender/208001.png,208001,Paulo Otávio,LB,Defender,1
/kaggle/working/images/Defender/177971.png,177971,J. McNulty,CB,Defender,1
/kaggle/working/images/Defender/235534.png,235534,D. Parra,LB,Defender,1
/kaggle/working/images/Defender/261652.png,261652,N. Kasanwirjo,CB,Defender,1
/kaggle/working/images/Defender/246300.png,246300,B. Vera,LB,Defender,1
/kaggle/working/images/Defender/245169.png,245169,J. Lalrinzuala,LB,Defender,1
/kaggle/working/images/Defender/215010.png,215010,E. Brítez,CB,Defender,1
/kaggle/working/images/Defender/232756.png,232756,F. Tomori,CB,Defender,1
/kaggle/working/images/Defender/212065.png,212065,Jeong Dong Ho,RB,Defender,1
/kaggle/working/images/Defender/223064.png,223064,F. Noguera,CB,Defender,1
/kaggle/working/images/Defender/204554.png,204554,R. Bennett,CB,Defender,1
/kaggle/working/images/Defender/264016.png,264016,C. Mutawe,CB,Defender,1
/kaggle/working/images/Defender/214601.png,214601,S. Medina,RB,Defender,1
/kaggle/working/images/Defender/217730.png,217730,S. Zwierschitz,RB,Defender,1
/kaggle/working/images/Defender/204447.png,204447,F. Lucioni,CB,Defender,1
/kaggle/working/images/Defender/254522.png,254522,W. Forrester,CB,Defender,1
/kaggle/working/images/Defender/192528.png,192528,Steven Vitória,CB,Defender,1
/kaggle/working/images/Defender/200741.png,200741,Jiang Guangtai,CB,Defender,1
/kaggle/working/images/Defender/252897.png,252897,C. Ramsay,RB,Defender,1
/kaggle/working/images/Defender/182428.png,182428,Yang Yu,LB,Defender,1
/kaggle/working/images/Defender/224558.png,224558,Yu Rui,CB,Defender,1
/kaggle/working/images/Defender/238117.png,238117,A. Davies,RB,Defender,1
/kaggle/working/images/Defender/224031.png,224031,A. Marušić,RWB,Defender,1
/kaggle/working/images/Defender/214937.png,214937,L. Villalba,LB,Defender,1
/kaggle/working/images/Defender/227526.png,227526,G. Canto,CB,Defender,1
/kaggle/working/images/Defender/189930.png,189930,İ. Köybaşı,LB,Defender,1
/kaggle/working/images/Defender/263630.png,263630,J. Castillo,RB,Defender,1
/kaggle/working/images/Defender/245863.png,245863,V. Gendrey,CB,Defender,1
/kaggle/working/images/Defender/232144.png,232144,F. Uduokhai,CB,Defender,1
/kaggle/working/images/Defender/258468.png,258468,R. Vita,LWB,Defender,1
/kaggle/working/images/Defender/247904.png,247904,I. Balaur,CB,Defender,1
/kaggle/working/images/Defender/201049.png,201049,L. Tonelli,CB,Defender,1
/kaggle/working/images/Defender/251375.png,251375,D. De Vita,CB,Defender,1
/kaggle/working/images/Defender/257646.png,257646,J. Kiełb,LB,Defender,1
/kaggle/working/images/Defender/215228.png,215228,C. Lema,CB,Defender,1
/kaggle/working/images/Defender/251376.png,251376,M. Gottschling,RB,Defender,1
/kaggle/working/images/Defender/260635.png,260635,J. Neal,CB,Defender,1
/kaggle/working/images/Defender/255209.png,255209,I. Vázquez,LB,Defender,1
/kaggle/working/images/Defender/262328.png,262328,D. Montiel,CB,Defender,1
/kaggle/working/images/Defender/264026.png,264026,N. Bitumazala,RB,Defender,1
/kaggle/working/images/Defender/236748.png,236748,E. Sivertsen,LB,Defender,1
/kaggle/working/images/Defender/229182.png,229182,R. Cundy,CB,Defender,1
/kaggle/working/images/Defender/259800.png,259800,L. Jaldín,RB,Defender,1
/kaggle/working/images/Defender/244263.png,244263,A. Rrahmani,CB,Defender,1
/kaggle/working/images/Defender/258098.png,258098,A. Bilali,CB,Defender,1
/kaggle/working/images/Defender/238363.png,238363,R. Obermair,RB,Defender,1
/kaggle/working/images/Defender/242872.png,242872,Liu Le,LB,Defender,1
/kaggle/working/images/Defender/231472.png,231472,E. Ntim,CB,Defender,1
/kaggle/working/images/Defender/259075.png,259075,Yan Couto,RB,Defender,1
/kaggle/working/images/Defender/240031.png,240031,E. Ćivić,LB,Defender,1
/kaggle/working/images/Defender/227794.png,227794,C. Verdonk,LB,Defender,1
/kaggle/working/images/Defender/157304.png,157304,T. Vermaelen,CB,Defender,1
/kaggle/working/images/Defender/260939.png,260939,Wesley,RB,Defender,1
/kaggle/working/images/Defender/237116.png,237116,K. Ford,CB,Defender,1
/kaggle/working/images/Defender/257894.png,257894,D. Meitei,LB,Defender,1
/kaggle/working/images/Defender/230928.png,230928,A. Sorge,CB,Defender,1
/kaggle/working/images/Defender/262566.png,262566,F. Zabala,LB,Defender,1
/kaggle/working/images/Defender/190140.png,190140,A. White,LB,Defender,1
/kaggle/working/images/Defender/185239.png,185239,Ö. Toprak,CB,Defender,1
/kaggle/working/images/Defender/212451.png,212451,Luís Rocha,LB,Defender,1
/kaggle/working/images/Defender/209597.png,209597,Antônio Carlos,CB,Defender,1
/kaggle/working/images/Defender/207593.png,207593,J. Uronen,LB,Defender,1
/kaggle/working/images/Defender/230021.png,230021,J. Aidoo,CB,Defender,1
/kaggle/working/images/Defender/264117.png,264117,M. Oakley,RB,Defender,1
/kaggle/working/images/Defender/184037.png,184037,M. Kelly,CB,Defender,1
/kaggle/working/images/Defender/199845.png,199845,F. Acerbi,CB,Defender,1
/kaggle/working/images/Defender/227632.png,227632,Jeon Min Gwang,CB,Defender,1
/kaggle/working/images/Defender/247201.png,247201,L. Singh,CB,Defender,1
/kaggle/working/images/Defender/234730.png,234730,V. Rosier,RB,Defender,1
/kaggle/working/images/Defender/192596.png,192596,Héctor Rodas,CB,Defender,1
/kaggle/working/images/Defender/243168.png,243168,L. Thompson,LB,Defender,1
/kaggle/working/images/Defender/209758.png,209758,V. Alvarado,CB,Defender,1
/kaggle/working/images/Defender/256813.png,256813,N. Gordon,CB,Defender,1
/kaggle/working/images/Defender/213136.png,213136,S. Willems,CB,Defender,1
/kaggle/working/images/Defender/208730.png,208730,E. Valentini,RB,Defender,1
/kaggle/working/images/Defender/221994.png,221994,Núrio Fortuna,CB,Defender,1
/kaggle/working/images/Defender/252261.png,252261,H. Akujobi,RB,Defender,1
/kaggle/working/images/Defender/225341.png,225341,David García,CB,Defender,1
/kaggle/working/images/Defender/243854.png,243854,M. Simakan,CB,Defender,1
/kaggle/working/images/Defender/254092.png,254092,Valpuia,CB,Defender,1
/kaggle/working/images/Defender/242260.png,242260,B. Šerbečić,CB,Defender,1
/kaggle/working/images/Defender/179847.png,179847,F. Fazio,CB,Defender,1
/kaggle/working/images/Defender/201163.png,201163,M. Frydrych,CB,Defender,1
/kaggle/working/images/Defender/199010.png,199010,A. Boyle,CB,Defender,1
/kaggle/working/images/Defender/231361.png,231361,J. Gnagnon,CB,Defender,1
/kaggle/working/images/Defender/259215.png,259215,F. Mendy,CB,Defender,1
/kaggle/working/images/Defender/192774.png,192774,K. Manolas,CB,Defender,1
/kaggle/working/images/Defender/224067.png,224067,J. Tverskov,CB,Defender,1
/kaggle/working/images/Defender/262255.png,262255,A. Bangura,LB,Defender,1
/kaggle/working/images/Defender/212130.png,212130,M. Maloča,CB,Defender,1
/kaggle/working/images/Defender/184901.png,184901,Shin Kwang Hoon,RB,Defender,1
/kaggle/working/images/Defender/165526.png,165526,G. Paletta,CB,Defender,1
/kaggle/working/images/Defender/235212.png,235212,A. Hakimi,RB,Defender,1
/kaggle/working/images/Defender/232185.png,232185,C. Brittain,RWB,Defender,1
/kaggle/working/images/Defender/243827.png,243827,L. Cass,CB,Defender,1
/kaggle/working/images/Defender/258090.png,258090,E. Meza,RWB,Defender,1
/kaggle/working/images/Defender/244952.png,244952,V. Loroña,RB,Defender,1
/kaggle/working/images/Defender/199692.png,199692,H. Mier,CB,Defender,1
/kaggle/working/images/Defender/193171.png,193171,Jaume Costa,LB,Defender,1
/kaggle/working/images/Defender/235347.png,235347,T. Pearce,LB,Defender,1
/kaggle/working/images/Defender/233012.png,233012,Hong Jeong Un,CB,Defender,1
/kaggle/working/images/Defender/244537.png,244537,M. Naderi,LB,Defender,1
/kaggle/working/images/Defender/220814.png,220814,L. Hernández,LB,Defender,1
/kaggle/working/images/Defender/261378.png,261378,A. Chávez,LB,Defender,1
/kaggle/working/images/Defender/256449.png,256449,Christian Marques,CB,Defender,1
/kaggle/working/images/Defender/237522.png,237522,Jorge Cuenca,CB,Defender,1
/kaggle/working/images/Defender/253585.png,253585,F. Duclós,CB,Defender,1
/kaggle/working/images/Defender/245279.png,245279,Reguilón,LB,Defender,1
/kaggle/working/images/Defender/191857.png,191857,Yang Yun,CB,Defender,1
/kaggle/working/images/Defender/210129.png,210129,G. Lovrencsics,RB,Defender,1
/kaggle/working/images/Defender/235405.png,235405,D. O'Shea,CB,Defender,1
/kaggle/working/images/Defender/195361.png,195361,Javi López,RB,Defender,1
/kaggle/working/images/Defender/219527.png,219527,C. Mafla,LB,Defender,1
/kaggle/working/images/Defender/222889.png,222889,L. Acevedo,CB,Defender,1
/kaggle/working/images/Defender/262343.png,262343,S. Quemper,LB,Defender,1
/kaggle/working/images/Defender/206161.png,206161,A. Lazaar,LB,Defender,1
/kaggle/working/images/Defender/209493.png,209493,D. Daniels,CB,Defender,1
/kaggle/working/images/Defender/220057.png,220057,H. Lennon,CB,Defender,1
/kaggle/working/images/Defender/253586.png,253586,G. Chávez,CB,Defender,1
/kaggle/working/images/Defender/246078.png,246078,C. Mamengi,CB,Defender,1
/kaggle/working/images/Defender/215070.png,215070,G. Ortíz,CB,Defender,1
/kaggle/working/images/Defender/210999.png,210999,Ma Sang Hoon,CB,Defender,1
/kaggle/working/images/Defender/236524.png,236524,A. Ahmedhodžić,CB,Defender,1
/kaggle/working/images/Defender/210790.png,210790,A. Al Zubaidi,RB,Defender,1
/kaggle/working/images/Defender/251754.png,251754,S. Kersten,CB,Defender,1
/kaggle/working/images/Defender/219871.png,219871,J. Medranda,LB,Defender,1
/kaggle/working/images/Defender/232183.png,232183,C. Fai,RB,Defender,1
/kaggle/working/images/Defender/205934.png,205934,N. Murru,LB,Defender,1
/kaggle/working/images/Defender/229236.png,229236,M. Udol,LB,Defender,1
/kaggle/working/images/Defender/233006.png,233006,D. Jakubik,RB,Defender,1
/kaggle/working/images/Defender/224936.png,224936,A. Arnarson,RWB,Defender,1
/kaggle/working/images/Defender/214923.png,214923,M. Qasem,LB,Defender,1
/kaggle/working/images/Defender/244538.png,244538,S. Bauer,CB,Defender,1
/kaggle/working/images/Defender/238370.png,238370,M. Pongračić,CB,Defender,1
/kaggle/working/images/Defender/222299.png,222299,Jin Taiyan,RB,Defender,1
/kaggle/working/images/Defender/251644.png,251644,Odei,CB,Defender,1
/kaggle/working/images/Defender/262138.png,262138,C. Lukeba,CB,Defender,1
/kaggle/working/images/Defender/216666.png,216666,A. González,CB,Defender,1
/kaggle/working/images/Defender/248128.png,248128,A. Gómez,LB,Defender,1
/kaggle/working/images/Defender/232102.png,232102,C. Masterson,CB,Defender,1
/kaggle/working/images/Defender/228579.png,228579,B. Henrichs,RB,Defender,1
/kaggle/working/images/Defender/238844.png,238844,K. Al Dubaysh,LB,Defender,1
/kaggle/working/images/Defender/236441.png,236441,F. Bustos,RB,Defender,1
/kaggle/working/images/Defender/246390.png,246390,S. Bjørshol,RB,Defender,1
/kaggle/working/images/Defender/258878.png,258878,S. Hasukawa,CB,Defender,1
/kaggle/working/images/Defender/212491.png,212491,A. Masuaku,LWB,Defender,1
/kaggle/working/images/Defender/256527.png,256527,O. Ndong,CB,Defender,1
/kaggle/working/images/Defender/262098.png,262098,S. Pattynama,LB,Defender,1
/kaggle/working/images/Defender/186950.png,186950,F. Daprelà,CB,Defender,1
/kaggle/working/images/Defender/241488.png,241488,Sillero,CB,Defender,1
/kaggle/working/images/Defender/205300.png,205300,R. Bouhenna,CB,Defender,1
/kaggle/working/images/Defender/228684.png,228684,R. Nyambe,RB,Defender,1
/kaggle/working/images/Defender/252711.png,252711,A. Abdi,RB,Defender,1
/kaggle/working/images/Defender/248067.png,248067,O. Opsahl,LB,Defender,1
/kaggle/working/images/Defender/225051.png,225051,B. Warland,CB,Defender,1
/kaggle/working/images/Defender/219467.png,219467,B. Halliday,RB,Defender,1
/kaggle/working/images/Defender/204760.png,204760,C. Taylor,LB,Defender,1
/kaggle/working/images/Defender/223369.png,223369,M. Ballmert,RB,Defender,1
/kaggle/working/images/Defender/215254.png,215254,L. Lollo,CB,Defender,1
/kaggle/working/images/Defender/211389.png,211389,R. Alborno,LB,Defender,1
/kaggle/working/images/Defender/203751.png,203751,C. Townsend,LWB,Defender,1
/kaggle/working/images/Defender/223769.png,223769,Ö. Özkaya,LB,Defender,1
/kaggle/working/images/Defender/176942.png,176942,M. Lustig,RB,Defender,1
/kaggle/working/images/Defender/237440.png,237440,H. Delcroix,CB,Defender,1
/kaggle/working/images/Defender/241894.png,241894,R. Leak,CB,Defender,1
/kaggle/working/images/Defender/252512.png,252512,A. Rouault,CB,Defender,1
/kaggle/working/images/Defender/229107.png,229107,N. De Medina,CB,Defender,1
/kaggle/working/images/Defender/234727.png,234727,T. Hübers,CB,Defender,1
/kaggle/working/images/Defender/257071.png,257071,E. Kaplan,LB,Defender,1
/kaggle/working/images/Defender/232120.png,232120,S. Moore,RB,Defender,1
/kaggle/working/images/Defender/256705.png,256705,J. Elvedi,CB,Defender,1
/kaggle/working/images/Defender/246666.png,246666,N. Katterbach,LB,Defender,1
/kaggle/working/images/Defender/208614.png,208614,A. Uryga,CB,Defender,1
/kaggle/working/images/Defender/169345.png,169345,M. Suttner,LB,Defender,1
/kaggle/working/images/Defender/248469.png,248469,D. Simeu,CB,Defender,1
/kaggle/working/images/Defender/200395.png,200395,M. Silva,CB,Defender,1
/kaggle/working/images/Defender/245703.png,245703,I. Diveev,CB,Defender,1
/kaggle/working/images/Defender/213661.png,213661,A. Christensen,CB,Defender,1
/kaggle/working/images/Defender/257238.png,257238,C. Wiggett,LB,Defender,1
/kaggle/working/images/Defender/228889.png,228889,J. McGing,RB,Defender,1
/kaggle/working/images/Defender/261981.png,261981,Zhang Xiang,CB,Defender,1
/kaggle/working/images/Defender/204499.png,204499,R. Inniss,CB,Defender,1
/kaggle/working/images/Defender/244344.png,244344,G. Masouras,RB,Defender,1
/kaggle/working/images/Defender/258522.png,258522,N. Abbey,CB,Defender,1
/kaggle/working/images/Defender/207650.png,207650,E. Krafth,RB,Defender,1
/kaggle/working/images/Defender/232746.png,232746,Park Jeong Su,CB,Defender,1
/kaggle/working/images/Defender/165536.png,165536,G. Cabral,CB,Defender,1
/kaggle/working/images/Defender/262498.png,262498,Álex Petxa,RB,Defender,1
/kaggle/working/images/Defender/237429.png,237429,G. Miura,CB,Defender,1
/kaggle/working/images/Defender/239127.png,239127,A. Mayorga,LB,Defender,1
/kaggle/working/images/Defender/213271.png,213271,A. Coly,CB,Defender,1
/kaggle/working/images/Defender/199231.png,199231,Kim Tae Hwan,RB,Defender,1
/kaggle/working/images/Defender/231299.png,231299,Marteli,CB,Defender,1
/kaggle/working/images/Defender/175316.png,175316,L. Stevenson,LB,Defender,1
/kaggle/working/images/Defender/259036.png,259036,V. Korniienko,LB,Defender,1
/kaggle/working/images/Defender/240207.png,240207,Liu Yang,LB,Defender,1
/kaggle/working/images/Defender/222692.png,222692,B. Schmitz,RB,Defender,1
/kaggle/working/images/Defender/227362.png,227362,S. Rosted,CB,Defender,1
/kaggle/working/images/Defender/240912.png,240912,G. Johnston,CB,Defender,1
/kaggle/working/images/Defender/237316.png,237316,B. Cooper,CB,Defender,1
/kaggle/working/images/Defender/221370.png,221370,M. Al Buraik,RB,Defender,1
/kaggle/working/images/Defender/242500.png,242500,A. Benga,CB,Defender,1
/kaggle/working/images/Defender/202493.png,202493,Aleix Vidal,RB,Defender,1
/kaggle/working/images/Defender/256500.png,256500,N. Collins,CB,Defender,1
/kaggle/working/images/Defender/259167.png,259167,V. Molchan,CB,Defender,1
/kaggle/working/images/Defender/237930.png,237930,S. Hausner,CB,Defender,1
/kaggle/working/images/Defender/256743.png,256743,A. Sylla,CB,Defender,1
/kaggle/working/images/Defender/257255.png,257255,B. Pernot,CB,Defender,1
/kaggle/working/images/Defender/201025.png,201025,G. Bussmann,LB,Defender,1
/kaggle/working/images/Defender/220414.png,220414,Diego Rico,LB,Defender,1
/kaggle/working/images/Defender/262663.png,262663,K. Ezekwem,CB,Defender,1
/kaggle/working/images/Defender/252161.png,252161,G. Forrest,CB,Defender,1
/kaggle/working/images/Defender/235808.png,235808,J. Bedeau,CB,Defender,1
/kaggle/working/images/Defender/230882.png,230882,J. Simpson,CB,Defender,1
/kaggle/working/images/Defender/255855.png,255855,R. Morishita,RB,Defender,1
/kaggle/working/images/Defender/258740.png,258740,A. Padula,LB,Defender,1
/kaggle/working/images/Defender/260383.png,260383,V. Lunddal,RB,Defender,1
/kaggle/working/images/Defender/246118.png,246118,U. Meraş,LB,Defender,1
/kaggle/working/images/Defender/252036.png,252036,N. Colombo,CB,Defender,1
/kaggle/working/images/Defender/244206.png,244206,N. Pérez,CB,Defender,1
/kaggle/working/images/Defender/211978.png,211978,S. Hoare,CB,Defender,1
/kaggle/working/images/Defender/204307.png,204307,J. Korb,RB,Defender,1
/kaggle/working/images/Defender/262504.png,262504,J. Blasco,RB,Defender,1
/kaggle/working/images/Defender/243530.png,243530,Mujaid,CB,Defender,1
/kaggle/working/images/Defender/259203.png,259203,E. Kouadio,RB,Defender,1
/kaggle/working/images/Defender/257246.png,257246,S. Keogh,RB,Defender,1
/kaggle/working/images/Defender/223159.png,223159,R. Dickie,CB,Defender,1
/kaggle/working/images/Defender/226628.png,226628,E. Šipović,CB,Defender,1
/kaggle/working/images/Defender/225625.png,225625,K. Vincent-Young,RB,Defender,1
/kaggle/working/images/Defender/213864.png,213864,B. Utvik,CB,Defender,1
/kaggle/working/images/Defender/257147.png,257147,R. Malone,CB,Defender,1
/kaggle/working/images/Defender/234426.png,234426,Marcão,CB,Defender,1
/kaggle/working/images/Defender/177564.png,177564,Bellvís,LB,Defender,1
/kaggle/working/images/Defender/183916.png,183916,J. Pied,RB,Defender,1
/kaggle/working/images/Defender/238649.png,238649,D. Frick,CB,Defender,1
/kaggle/working/images/Defender/231335.png,231335,J. Flores,LB,Defender,1
/kaggle/working/images/Defender/261220.png,261220,I. Mesina,CB,Defender,1
/kaggle/working/images/Defender/213151.png,213151,C. Norman,RWB,Defender,1
/kaggle/working/images/Defender/257717.png,257717,L. Neilson,CB,Defender,1
/kaggle/working/images/Defender/247459.png,247459,S. Nealis,CB,Defender,1
/kaggle/working/images/Defender/237368.png,237368,B. Passi,CB,Defender,1
/kaggle/working/images/Defender/253401.png,253401,H. Van der Saag,RB,Defender,1
/kaggle/working/images/Defender/199776.png,199776,L. Caldirola,CB,Defender,1
/kaggle/working/images/Defender/224980.png,224980,M. Busch,RB,Defender,1
/kaggle/working/images/Defender/226387.png,226387,A. Bengtsson,LB,Defender,1
/kaggle/working/images/Defender/236355.png,236355,Luiz Felipe,CB,Defender,1
/kaggle/working/images/Defender/239580.png,239580,Bremer,CB,Defender,1
/kaggle/working/images/Defender/251680.png,251680,S. Mouri,RB,Defender,1
/kaggle/working/images/Defender/233301.png,233301,R. Kristensen,RB,Defender,1
/kaggle/working/images/Defender/205566.png,205566,Alberto Moreno,LB,Defender,1
/kaggle/working/images/Defender/225396.png,225396,B. Ampuero,CB,Defender,1
/kaggle/working/images/Defender/240976.png,240976,M. Saracchi,LB,Defender,1
/kaggle/working/images/Defender/261301.png,261301,M. Boudiaf,RB,Defender,1
/kaggle/working/images/Defender/263259.png,263259,I. Bronkhorst,RB,Defender,1
/kaggle/working/images/Defender/210691.png,210691,L. Nilsen,LWB,Defender,1
/kaggle/working/images/Defender/263476.png,263476,I. Čalušić,CB,Defender,1
/kaggle/working/images/Defender/198687.png,198687,S. Ciss,LB,Defender,1
/kaggle/working/images/Defender/215211.png,215211,B. Cargill,CB,Defender,1
/kaggle/working/images/Defender/229169.png,229169,M. Diallo,RB,Defender,1
/kaggle/working/images/Defender/239106.png,239106,L. Koutris,LB,Defender,1
/kaggle/working/images/Defender/218591.png,218591,S. Long,CB,Defender,1
/kaggle/working/images/Defender/246345.png,246345,Jo Jin Woo,CB,Defender,1
/kaggle/working/images/Defender/202413.png,202413,Hernán,CB,Defender,1
/kaggle/working/images/Defender/220197.png,220197,K. Bryan,CB,Defender,1
/kaggle/working/images/Defender/215181.png,215181,G. Peruzzi,RB,Defender,1
/kaggle/working/images/Defender/236506.png,236506,M. Senesi,CB,Defender,1
/kaggle/working/images/Defender/197937.png,197937,P. Djilobodji,CB,Defender,1
/kaggle/working/images/Defender/229270.png,229270,M. Lemos,CB,Defender,1
/kaggle/working/images/Defender/235728.png,235728,W. O'Hora,CB,Defender,1
/kaggle/working/images/Defender/261388.png,261388,E. Garnås,CB,Defender,1
/kaggle/working/images/Defender/190507.png,190507,Etxeita,CB,Defender,1
/kaggle/working/images/Defender/236675.png,236675,K. Jakob,LB,Defender,1
/kaggle/working/images/Defender/251149.png,251149,A. Leguizamón,CB,Defender,1
/kaggle/working/images/Defender/243886.png,243886,T. Mølgaard,RB,Defender,1
/kaggle/working/images/Defender/253969.png,253969,L. Hjelde,CB,Defender,1
/kaggle/working/images/Defender/238190.png,238190,J. Familia-Castillo,LB,Defender,1
/kaggle/working/images/Defender/228236.png,228236,S. Deli,CB,Defender,1
/kaggle/working/images/Defender/248687.png,248687,B. Cabango,CB,Defender,1
/kaggle/working/images/Defender/257345.png,257345,A. Dedić,RB,Defender,1
/kaggle/working/images/Defender/264043.png,264043,M. Voss,RB,Defender,1
/kaggle/working/images/Defender/241214.png,241214,M. Okazaki,CB,Defender,1
/kaggle/working/images/Defender/231185.png,231185,G. Osho,CB,Defender,1
/kaggle/working/images/Defender/234458.png,234458,C. Quintana,CB,Defender,1
/kaggle/working/images/Defender/244091.png,244091,N. Ochojski,RB,Defender,1
/kaggle/working/images/Defender/243347.png,243347,A. Bærtelsen,CB,Defender,1
/kaggle/working/images/Defender/238263.png,238263,F. Knudsen,CB,Defender,1
/kaggle/working/images/Defender/262119.png,262119,B. Tomiak,CB,Defender,1
/kaggle/working/images/Defender/251686.png,251686,D. Fernández,CB,Defender,1
/kaggle/working/images/Defender/248041.png,248041,F. Ștefan,LB,Defender,1
/kaggle/working/images/Defender/199191.png,199191,D. Appiah,RB,Defender,1
/kaggle/working/images/Defender/244135.png,244135,A. Radovanović,CB,Defender,1
/kaggle/working/images/Defender/254282.png,254282,T. Carlsson,CB,Defender,1
/kaggle/working/images/Defender/197904.png,197904,M. Cestor,CB,Defender,1
/kaggle/working/images/Defender/264189.png,264189,M. Paskotsi,RB,Defender,1
/kaggle/working/images/Defender/248007.png,248007,A. Patache,RB,Defender,1
/kaggle/working/images/Defender/231926.png,231926,T. Clarke,LB,Defender,1
/kaggle/working/images/Defender/194726.png,194726,J. Ahlmann,LWB,Defender,1
/kaggle/working/images/Defender/241995.png,241995,L. Dietz,CB,Defender,1
/kaggle/working/images/Midfielder/236480.png,236480,Y. Bissouma,CDM,Midfielder,2
/kaggle/working/images/Midfielder/181872.png,181872,A. Vidal,CM,Midfielder,2
/kaggle/working/images/Midfielder/227599.png,227599,D. Dianessy,CAM,Midfielder,2
/kaggle/working/images/Midfielder/237238.png,237238,S. McTominay,CDM,Midfielder,2
/kaggle/working/images/Midfielder/246790.png,246790,A. Bamba,RM,Midfielder,2
/kaggle/working/images/Midfielder/257271.png,257271,L. Gourna,CDM,Midfielder,2
/kaggle/working/images/Midfielder/225053.png,225053,L. Rose,CDM,Midfielder,2
/kaggle/working/images/Midfielder/257191.png,257191,A. Stach,CDM,Midfielder,2
/kaggle/working/images/Midfielder/173155.png,173155,A. Barillà,CM,Midfielder,2
/kaggle/working/images/Midfielder/205369.png,205369,R. Schoofs,CM,Midfielder,2
/kaggle/working/images/Midfielder/225922.png,225922,M. Shelton,CM,Midfielder,2
/kaggle/working/images/Midfielder/262244.png,262244,J. Myszor,RM,Midfielder,2
/kaggle/working/images/Midfielder/237747.png,237747,T. Arano,CM,Midfielder,2
/kaggle/working/images/Midfielder/225998.png,225998,A. McEneff,CM,Midfielder,2
/kaggle/working/images/Midfielder/250779.png,250779,M. Svoboda,CDM,Midfielder,2
/kaggle/working/images/Midfielder/215089.png,215089,E. Kalinski,CDM,Midfielder,2
/kaggle/working/images/Midfielder/198128.png,198128,Caio,LM,Midfielder,2
/kaggle/working/images/Midfielder/226877.png,226877,Ivo Rodrigues,RM,Midfielder,2
/kaggle/working/images/Midfielder/229849.png,229849,J. Leborgne,CM,Midfielder,2
/kaggle/working/images/Midfielder/242530.png,242530,N. Okafor,RM,Midfielder,2
/kaggle/working/images/Midfielder/214238.png,214238,P. Parra,CAM,Midfielder,2
/kaggle/working/images/Midfielder/236264.png,236264,P. Aquino,CDM,Midfielder,2
/kaggle/working/images/Midfielder/212932.png,212932,Y. Ono,CAM,Midfielder,2
/kaggle/working/images/Midfielder/222715.png,222715,Otávio,CDM,Midfielder,2
/kaggle/working/images/Midfielder/261236.png,261236,R. Matsui,CM,Midfielder,2
/kaggle/working/images/Midfielder/213106.png,213106,R. Sigurjónsson,CM,Midfielder,2
/kaggle/working/images/Midfielder/164858.png,164858,T. Sparv,CDM,Midfielder,2
/kaggle/working/images/Midfielder/199576.png,199576,Oriol Romeu,CDM,Midfielder,2
/kaggle/working/images/Midfielder/262383.png,262383,C. Cvetko,CM,Midfielder,2
/kaggle/working/images/Midfielder/214594.png,214594,M. Laba,CDM,Midfielder,2
/kaggle/working/images/Midfielder/215616.png,215616,Jason,RM,Midfielder,2
/kaggle/working/images/Midfielder/257785.png,257785,M. Brescianini,CDM,Midfielder,2
/kaggle/working/images/Midfielder/258003.png,258003,M. Mannhardt,CDM,Midfielder,2
/kaggle/working/images/Midfielder/246683.png,246683,L. Agoumé,CM,Midfielder,2
/kaggle/working/images/Midfielder/246107.png,246107,M. Palacios,CAM,Midfielder,2
/kaggle/working/images/Midfielder/173909.png,173909,K. Boateng,CAM,Midfielder,2
/kaggle/working/images/Midfielder/244194.png,244194,P. Haring,CM,Midfielder,2
/kaggle/working/images/Midfielder/229654.png,229654,Gerard Valentín,RM,Midfielder,2
/kaggle/working/images/Midfielder/192732.png,192732,E. Prib,CM,Midfielder,2
/kaggle/working/images/Midfielder/233897.png,233897,M. Fall,RM,Midfielder,2
/kaggle/working/images/Midfielder/258917.png,258917,Francisco Teixeira,CAM,Midfielder,2
/kaggle/working/images/Midfielder/261222.png,261222,P. Vite,CM,Midfielder,2
/kaggle/working/images/Midfielder/262821.png,262821,W. Mejía,CM,Midfielder,2
/kaggle/working/images/Midfielder/225507.png,225507,Pol Llonch,CDM,Midfielder,2
/kaggle/working/images/Midfielder/235544.png,235544,S. Memišević,CDM,Midfielder,2
/kaggle/working/images/Midfielder/261871.png,261871,A. Robinson,CM,Midfielder,2
/kaggle/working/images/Midfielder/234942.png,234942,M. Heinrich,RM,Midfielder,2
/kaggle/working/images/Midfielder/242516.png,242516,C. Gakpo,LM,Midfielder,2
/kaggle/working/images/Midfielder/260283.png,260283,Y. Koizumi,CAM,Midfielder,2
/kaggle/working/images/Midfielder/245054.png,245054,Lee Dong Kyung,RM,Midfielder,2
/kaggle/working/images/Midfielder/231005.png,231005,C. Ogbene,RM,Midfielder,2
/kaggle/working/images/Midfielder/232786.png,232786,K. Endo,LM,Midfielder,2
/kaggle/working/images/Midfielder/259644.png,259644,A. Pyndt,CM,Midfielder,2
/kaggle/working/images/Midfielder/220708.png,220708,B. Borrello,RM,Midfielder,2
/kaggle/working/images/Midfielder/237640.png,237640,N. Bajrami,CAM,Midfielder,2
/kaggle/working/images/Midfielder/255082.png,255082,A. Albu,CDM,Midfielder,2
/kaggle/working/images/Midfielder/188490.png,188490,L. Sercombe,CM,Midfielder,2
/kaggle/working/images/Midfielder/206304.png,206304,L. Milivojević,CDM,Midfielder,2
/kaggle/working/images/Midfielder/231571.png,231571,J. Lucumí,RM,Midfielder,2
/kaggle/working/images/Midfielder/220895.png,220895,A. Al Sulayhim,CM,Midfielder,2
/kaggle/working/images/Midfielder/256215.png,256215,M. Peltola,CDM,Midfielder,2
/kaggle/working/images/Midfielder/232999.png,232999,T. Adams,CDM,Midfielder,2
/kaggle/working/images/Midfielder/206631.png,206631,K. Rowe,CM,Midfielder,2
/kaggle/working/images/Midfielder/208977.png,208977,F. Al Muwallad,LM,Midfielder,2
/kaggle/working/images/Midfielder/208418.png,208418,Y. Carrasco,LM,Midfielder,2
/kaggle/working/images/Midfielder/232915.png,232915,D. Ishizu,LM,Midfielder,2
/kaggle/working/images/Midfielder/244134.png,244134,B. Kapacak,RM,Midfielder,2
/kaggle/working/images/Midfielder/199288.png,199288,A. Losilla,CDM,Midfielder,2
/kaggle/working/images/Midfielder/261139.png,261139,R. Martínez,CDM,Midfielder,2
/kaggle/working/images/Midfielder/228961.png,228961,M. Pittón,CM,Midfielder,2
/kaggle/working/images/Midfielder/251025.png,251025,Larrazabal,RM,Midfielder,2
/kaggle/working/images/Midfielder/231753.png,231753,J. Livolant,RM,Midfielder,2
/kaggle/working/images/Midfielder/243664.png,243664,F. Rieder,LM,Midfielder,2
/kaggle/working/images/Midfielder/254303.png,254303,I. Elmkies,CM,Midfielder,2
/kaggle/working/images/Midfielder/260050.png,260050,Y. Chacón,RM,Midfielder,2
/kaggle/working/images/Midfielder/251666.png,251666,F. Miesenböck,LM,Midfielder,2
/kaggle/working/images/Midfielder/161805.png,161805,V. Behrami,CDM,Midfielder,2
/kaggle/working/images/Midfielder/254835.png,254835,M. Rabuñal,CDM,Midfielder,2
/kaggle/working/images/Midfielder/221310.png,221310,A. Roa,CAM,Midfielder,2
/kaggle/working/images/Midfielder/198628.png,198628,M. Hoyos,RM,Midfielder,2
/kaggle/working/images/Midfielder/237619.png,237619,S. Twine,CM,Midfielder,2
/kaggle/working/images/Midfielder/258302.png,258302,A. Andrade,CDM,Midfielder,2
/kaggle/working/images/Midfielder/190432.png,190432,Oier,CDM,Midfielder,2
/kaggle/working/images/Midfielder/255810.png,255810,H. Kida,CDM,Midfielder,2
/kaggle/working/images/Midfielder/234281.png,234281,M. Kvesić,CAM,Midfielder,2
/kaggle/working/images/Midfielder/231923.png,231923,M. Remacle,CM,Midfielder,2
/kaggle/working/images/Midfielder/211238.png,211238,L. Kassi,CM,Midfielder,2
/kaggle/working/images/Midfielder/222825.png,222825,C. Akolo,RM,Midfielder,2
/kaggle/working/images/Midfielder/224962.png,224962,M. Al Kuwaykibi,RM,Midfielder,2
/kaggle/working/images/Midfielder/229923.png,229923,S. Stolze,CAM,Midfielder,2
/kaggle/working/images/Midfielder/236319.png,236319,T. O'Connor,CDM,Midfielder,2
/kaggle/working/images/Midfielder/222573.png,222573,A. Tello,CM,Midfielder,2
/kaggle/working/images/Midfielder/221705.png,221705,K. Dempsey,CM,Midfielder,2
/kaggle/working/images/Midfielder/189575.png,189575,Muniain,CAM,Midfielder,2
/kaggle/working/images/Midfielder/254711.png,254711,E. Zaracho,CM,Midfielder,2
/kaggle/working/images/Midfielder/239267.png,239267,A. Pululu,LM,Midfielder,2
/kaggle/working/images/Midfielder/246013.png,246013,H. Calcaterra,CM,Midfielder,2
/kaggle/working/images/Midfielder/232665.png,232665,M. Arambarri,CDM,Midfielder,2
/kaggle/working/images/Midfielder/202491.png,202491,T. Carroll,CM,Midfielder,2
/kaggle/working/images/Midfielder/251079.png,251079,M. Szczepański,CAM,Midfielder,2
/kaggle/working/images/Midfielder/232963.png,232963,T. Kanamori,RM,Midfielder,2
/kaggle/working/images/Midfielder/227788.png,227788,An Hyeon Beom,RM,Midfielder,2
/kaggle/working/images/Midfielder/246646.png,246646,M. Caqueret,CM,Midfielder,2
/kaggle/working/images/Midfielder/143121.png,143121,J. Sosa,CM,Midfielder,2
/kaggle/working/images/Midfielder/218746.png,218746,Pozo,CAM,Midfielder,2
/kaggle/working/images/Midfielder/239439.png,239439,P. Płacheta,LM,Midfielder,2
/kaggle/working/images/Midfielder/203502.png,203502,B. Decordova-Reid,RM,Midfielder,2
/kaggle/working/images/Midfielder/234153.png,234153,Carlos Soler,CM,Midfielder,2
/kaggle/working/images/Midfielder/262780.png,262780,D. Cicek,CAM,Midfielder,2
/kaggle/working/images/Midfielder/206411.png,206411,D. Garmash,CAM,Midfielder,2
/kaggle/working/images/Midfielder/211818.png,211818,K. Möhwald,CM,Midfielder,2
/kaggle/working/images/Midfielder/205201.png,205201,O. Yokuşlu,CDM,Midfielder,2
/kaggle/working/images/Midfielder/221425.png,221425,K. Nagasawa,CAM,Midfielder,2
/kaggle/working/images/Midfielder/243393.png,243393,T. Richards,CAM,Midfielder,2
/kaggle/working/images/Midfielder/203603.png,203603,M. Pospíšil,CDM,Midfielder,2
/kaggle/working/images/Midfielder/219779.png,219779,E. Assifuah,RM,Midfielder,2
/kaggle/working/images/Midfielder/209075.png,209075,Á. Flores,CM,Midfielder,2
/kaggle/working/images/Midfielder/256942.png,256942,E. Martel,CDM,Midfielder,2
/kaggle/working/images/Midfielder/211617.png,211617,T. Morosini,CM,Midfielder,2
/kaggle/working/images/Midfielder/186449.png,186449,L. Kelly,CDM,Midfielder,2
/kaggle/working/images/Midfielder/258439.png,258439,O. Camara,CDM,Midfielder,2
/kaggle/working/images/Midfielder/229361.png,229361,Undabarrena,CM,Midfielder,2
/kaggle/working/images/Midfielder/218471.png,218471,Kim Min Woo,CM,Midfielder,2
/kaggle/working/images/Midfielder/235834.png,235834,F. Depaoli,RM,Midfielder,2
/kaggle/working/images/Midfielder/251988.png,251988,A. Colpani,CM,Midfielder,2
/kaggle/working/images/Midfielder/253474.png,253474,N. Tauer,CDM,Midfielder,2
/kaggle/working/images/Midfielder/233245.png,233245,S. McLoughlin,CM,Midfielder,2
/kaggle/working/images/Midfielder/247050.png,247050,P. Šulc,CAM,Midfielder,2
/kaggle/working/images/Midfielder/202693.png,202693,M. Crooks,CM,Midfielder,2
/kaggle/working/images/Midfielder/210475.png,210475,M. Prietl,CDM,Midfielder,2
/kaggle/working/images/Midfielder/233079.png,233079,C. Rivera,CDM,Midfielder,2
/kaggle/working/images/Midfielder/183644.png,183644,A. Grünwald,CM,Midfielder,2
/kaggle/working/images/Midfielder/203249.png,203249,J. Valencia,LM,Midfielder,2
/kaggle/working/images/Midfielder/252471.png,252471,A. Ibrahim,CDM,Midfielder,2
/kaggle/working/images/Midfielder/234294.png,234294,L. Lingman,CM,Midfielder,2
/kaggle/working/images/Midfielder/200521.png,200521,T. Ince,RM,Midfielder,2
/kaggle/working/images/Midfielder/214099.png,214099,M. Aaquist,CM,Midfielder,2
/kaggle/working/images/Midfielder/253722.png,253722,P. Rebello,CDM,Midfielder,2
/kaggle/working/images/Midfielder/261119.png,261119,F. Koperski,CAM,Midfielder,2
/kaggle/working/images/Midfielder/200900.png,200900,S. Murray,CM,Midfielder,2
/kaggle/working/images/Midfielder/253810.png,253810,R. Guarderas,CDM,Midfielder,2
/kaggle/working/images/Midfielder/243391.png,243391,Iker Pozo,CDM,Midfielder,2
/kaggle/working/images/Midfielder/203024.png,203024,Isaías,CDM,Midfielder,2
/kaggle/working/images/Midfielder/230686.png,230686,J. Makengo,CM,Midfielder,2
/kaggle/working/images/Midfielder/232161.png,232161,R. Tranberg,CDM,Midfielder,2
/kaggle/working/images/Midfielder/208421.png,208421,Saúl,CM,Midfielder,2
/kaggle/working/images/Midfielder/212404.png,212404,F. Bernardeschi,CAM,Midfielder,2
/kaggle/working/images/Midfielder/221875.png,221875,Son Jun Ho,CDM,Midfielder,2
/kaggle/working/images/Midfielder/243402.png,243402,Lisandro Semedo,RM,Midfielder,2
/kaggle/working/images/Midfielder/188586.png,188586,J. Flum,CDM,Midfielder,2
/kaggle/working/images/Midfielder/204344.png,204344,Elber,LM,Midfielder,2
/kaggle/working/images/Midfielder/241973.png,241973,Chris Ramos,LM,Midfielder,2
/kaggle/working/images/Midfielder/216699.png,216699,G. Zelalem,CM,Midfielder,2
/kaggle/working/images/Midfielder/231897.png,231897,M. Corboz,CM,Midfielder,2
/kaggle/working/images/Midfielder/239145.png,239145,E. Massouema,CM,Midfielder,2
/kaggle/working/images/Midfielder/231979.png,231979,T. Endoh,RM,Midfielder,2
/kaggle/working/images/Midfielder/226724.png,226724,C. Senior,RM,Midfielder,2
/kaggle/working/images/Midfielder/242686.png,242686,M. Breij,CAM,Midfielder,2
/kaggle/working/images/Midfielder/200469.png,200469,L. Rupp,CM,Midfielder,2
/kaggle/working/images/Midfielder/248206.png,248206,P. Bhumij,LM,Midfielder,2
/kaggle/working/images/Midfielder/202375.png,202375,D. Offenbacher,CM,Midfielder,2
/kaggle/working/images/Midfielder/243733.png,243733,D. Saddiki,CDM,Midfielder,2
/kaggle/working/images/Midfielder/202827.png,202827,C. Battocchio,CM,Midfielder,2
/kaggle/working/images/Midfielder/263650.png,263650,H. Wood,CM,Midfielder,2
/kaggle/working/images/Midfielder/177525.png,177525,N. Dirar,RM,Midfielder,2
/kaggle/working/images/Midfielder/206042.png,206042,J. Dezi,CM,Midfielder,2
/kaggle/working/images/Midfielder/245390.png,245390,G. Traoré,CDM,Midfielder,2
/kaggle/working/images/Midfielder/257112.png,257112,R. Saïd,LM,Midfielder,2
/kaggle/working/images/Midfielder/226265.png,226265,C. Lobos,CM,Midfielder,2
/kaggle/working/images/Midfielder/256453.png,256453,A. Sarr,RM,Midfielder,2
/kaggle/working/images/Midfielder/234913.png,234913,C. Fassnacht,RM,Midfielder,2
/kaggle/working/images/Midfielder/261818.png,261818,R. Gallagher,CAM,Midfielder,2
/kaggle/working/images/Midfielder/183632.png,183632,R. Tesche,CDM,Midfielder,2
/kaggle/working/images/Midfielder/248547.png,248547,A. Uribe,RM,Midfielder,2
/kaggle/working/images/Midfielder/252540.png,252540,A. Gözütok,CAM,Midfielder,2
/kaggle/working/images/Midfielder/255675.png,255675,X. Flores,CM,Midfielder,2
/kaggle/working/images/Midfielder/186715.png,186715,S. Salinas,LM,Midfielder,2
/kaggle/working/images/Midfielder/252758.png,252758,D. Devoy,CM,Midfielder,2
/kaggle/working/images/Midfielder/263200.png,263200,P. Bojić,CAM,Midfielder,2
/kaggle/working/images/Midfielder/233953.png,233953,J. Deom,CM,Midfielder,2
/kaggle/working/images/Midfielder/248498.png,248498,K. Al Ghannam,LM,Midfielder,2
/kaggle/working/images/Midfielder/228804.png,228804,A. De Sart,CM,Midfielder,2
/kaggle/working/images/Midfielder/184013.png,184013,M. Bartley,CDM,Midfielder,2
/kaggle/working/images/Midfielder/248112.png,248112,I. Vînă,CM,Midfielder,2
/kaggle/working/images/Midfielder/246043.png,246043,Jang Seong Won,RM,Midfielder,2
/kaggle/working/images/Midfielder/244615.png,244615,B. García,LM,Midfielder,2
/kaggle/working/images/Midfielder/209417.png,209417,R. Murawski,CM,Midfielder,2
/kaggle/working/images/Midfielder/215368.png,215368,R. Ranftl,RM,Midfielder,2
/kaggle/working/images/Midfielder/223755.png,223755,M. Ritter,CAM,Midfielder,2
/kaggle/working/images/Midfielder/201877.png,201877,M. Dæhli,CAM,Midfielder,2
/kaggle/working/images/Midfielder/251001.png,251001,C. Boyd-Munce,CM,Midfielder,2
/kaggle/working/images/Midfielder/245214.png,245214,A. Estupiñán,LM,Midfielder,2
/kaggle/working/images/Midfielder/229435.png,229435,M. Vlap,CAM,Midfielder,2
/kaggle/working/images/Midfielder/240787.png,240787,H. Traorè,CAM,Midfielder,2
/kaggle/working/images/Midfielder/201271.png,201271,J. Ankersen,LM,Midfielder,2
/kaggle/working/images/Midfielder/253974.png,253974,S. Robertson,CDM,Midfielder,2
/kaggle/working/images/Midfielder/256630.png,256630,F. Wirtz,CAM,Midfielder,2
/kaggle/working/images/Midfielder/177482.png,177482,M. Coutadeur,CDM,Midfielder,2
/kaggle/working/images/Midfielder/246099.png,246099,K. Goudmijn,CAM,Midfielder,2
/kaggle/working/images/Midfielder/184881.png,184881,S. Feghouli,RM,Midfielder,2
/kaggle/working/images/Midfielder/258483.png,258483,D. Neil,CDM,Midfielder,2
/kaggle/working/images/Midfielder/212035.png,212035,J. Bela,LM,Midfielder,2
/kaggle/working/images/Midfielder/253508.png,253508,J. Singh,CDM,Midfielder,2
/kaggle/working/images/Midfielder/255272.png,255272,K. Paredes,LM,Midfielder,2
/kaggle/working/images/Midfielder/213102.png,213102,Arthur Caike,LM,Midfielder,2
/kaggle/working/images/Midfielder/263064.png,263064,C. Buschman-Dormond,LM,Midfielder,2
/kaggle/working/images/Midfielder/263935.png,263935,K. Campos,CM,Midfielder,2
/kaggle/working/images/Midfielder/239950.png,239950,Pêpê,CDM,Midfielder,2
/kaggle/working/images/Midfielder/223652.png,223652,S. Ernst,CAM,Midfielder,2
/kaggle/working/images/Midfielder/214250.png,214250,M. Palacios,RM,Midfielder,2
/kaggle/working/images/Midfielder/186157.png,186157,C. Eastmond,CM,Midfielder,2
/kaggle/working/images/Midfielder/263364.png,263364,L. Walta,CAM,Midfielder,2
/kaggle/working/images/Midfielder/256700.png,256700,L. Chalmers,LM,Midfielder,2
/kaggle/working/images/Midfielder/261648.png,261648,M. Cova,CAM,Midfielder,2
/kaggle/working/images/Midfielder/170719.png,170719,D. Buonanotte,CAM,Midfielder,2
/kaggle/working/images/Midfielder/205983.png,205983,D. Đoković,CDM,Midfielder,2
/kaggle/working/images/Midfielder/262403.png,262403,P. Rommens,CAM,Midfielder,2
/kaggle/working/images/Midfielder/227236.png,227236,A. Zambo Anguissa,CM,Midfielder,2
/kaggle/working/images/Midfielder/256306.png,256306,Ö. Beyaz,CAM,Midfielder,2
/kaggle/working/images/Midfielder/185171.png,185171,A. Auassar,CDM,Midfielder,2
/kaggle/working/images/Midfielder/183527.png,183527,J. Spearing,CDM,Midfielder,2
/kaggle/working/images/Midfielder/219525.png,219525,E. Cerutti,RM,Midfielder,2
/kaggle/working/images/Midfielder/246617.png,246617,Javi Mier,CM,Midfielder,2
/kaggle/working/images/Midfielder/234264.png,234264,Jeong Seung Won,RM,Midfielder,2
/kaggle/working/images/Midfielder/214308.png,214308,A. Martínez,CM,Midfielder,2
/kaggle/working/images/Midfielder/228638.png,228638,B. Stevenson,CDM,Midfielder,2
/kaggle/working/images/Midfielder/262525.png,262525,L. McCowan,RM,Midfielder,2
/kaggle/working/images/Midfielder/162240.png,162240,M. Dembélé,CM,Midfielder,2
/kaggle/working/images/Midfielder/257919.png,257919,R. Reitz,CM,Midfielder,2
/kaggle/working/images/Midfielder/191726.png,191726,D. Arismendi,CDM,Midfielder,2
/kaggle/working/images/Midfielder/186568.png,186568,Marcos Paulo,CM,Midfielder,2
/kaggle/working/images/Midfielder/247871.png,247871,M. Kapo,CDM,Midfielder,2
/kaggle/working/images/Midfielder/236492.png,236492,Pedro Díaz,CDM,Midfielder,2
/kaggle/working/images/Midfielder/247886.png,247886,J. Vargas,CDM,Midfielder,2
/kaggle/working/images/Midfielder/255577.png,255577,Dani Plomer,LM,Midfielder,2
/kaggle/working/images/Midfielder/198719.png,198719,N. Redmond,LM,Midfielder,2
/kaggle/working/images/Midfielder/262501.png,262501,Aldasoro,CDM,Midfielder,2
/kaggle/working/images/Midfielder/190995.png,190995,B. Inman,LM,Midfielder,2
/kaggle/working/images/Midfielder/262083.png,262083,A. Martegani,CAM,Midfielder,2
/kaggle/working/images/Midfielder/221976.png,221976,Jiang Zhe,CDM,Midfielder,2
/kaggle/working/images/Midfielder/203315.png,203315,G. Teigl,RM,Midfielder,2
/kaggle/working/images/Midfielder/224016.png,224016,B. Kalinkowski,CDM,Midfielder,2
/kaggle/working/images/Midfielder/247391.png,247391,Andre Shinyashiki,LM,Midfielder,2
/kaggle/working/images/Midfielder/228195.png,228195,P. Das,RM,Midfielder,2
/kaggle/working/images/Midfielder/263580.png,263580,F. Stumpe,LM,Midfielder,2
/kaggle/working/images/Midfielder/193608.png,193608,O. Clarke,CM,Midfielder,2
/kaggle/working/images/Midfielder/263142.png,263142,E. Belhadji,RM,Midfielder,2
/kaggle/working/images/Midfielder/221367.png,221367,D. Milošević,LM,Midfielder,2
/kaggle/working/images/Midfielder/214158.png,214158,Y. Gordillo,CDM,Midfielder,2
/kaggle/working/images/Midfielder/263132.png,263132,C. Keles,LM,Midfielder,2
/kaggle/working/images/Midfielder/234239.png,234239,G. Hein,RM,Midfielder,2
/kaggle/working/images/Midfielder/264178.png,264178,Joselu Guerra,CDM,Midfielder,2
/kaggle/working/images/Midfielder/252326.png,252326,J. Sanabria,RM,Midfielder,2
/kaggle/working/images/Midfielder/231455.png,231455,A. Cuadra,CDM,Midfielder,2
/kaggle/working/images/Midfielder/171831.png,171831,M. Mancienne,CDM,Midfielder,2
/kaggle/working/images/Midfielder/260328.png,260328,R. Manjarrés,CM,Midfielder,2
/kaggle/working/images/Midfielder/257299.png,257299,I. Kaczmarski,CDM,Midfielder,2
/kaggle/working/images/Midfielder/231848.png,231848,Q. Boisgard,CM,Midfielder,2
/kaggle/working/images/Midfielder/205585.png,205585,J. Price,CDM,Midfielder,2
/kaggle/working/images/Midfielder/211325.png,211325,A. Schiavone,CM,Midfielder,2
/kaggle/working/images/Midfielder/263082.png,263082,B. Ametov,LM,Midfielder,2
/kaggle/working/images/Midfielder/225757.png,225757,M. Burgess,CAM,Midfielder,2
/kaggle/working/images/Midfielder/243008.png,243008,M. Trávník,CM,Midfielder,2
/kaggle/working/images/Midfielder/244655.png,244655,G. Whyte,RM,Midfielder,2
/kaggle/working/images/Midfielder/255871.png,255871,T. Fujii,LM,Midfielder,2
/kaggle/working/images/Midfielder/251201.png,251201,K. Arnstad,CM,Midfielder,2
/kaggle/working/images/Midfielder/257133.png,257133,N. Čumić,RM,Midfielder,2
/kaggle/working/images/Midfielder/247721.png,247721,T. Raschl,CM,Midfielder,2
/kaggle/working/images/Midfielder/221793.png,221793,P. Twumasi,LM,Midfielder,2
/kaggle/working/images/Midfielder/177404.png,177404,S. Fürstner,CDM,Midfielder,2
/kaggle/working/images/Midfielder/239028.png,239028,A. Koita,LM,Midfielder,2
/kaggle/working/images/Midfielder/226754.png,226754,I. Bennacer,CM,Midfielder,2
/kaggle/working/images/Midfielder/220826.png,220826,L. Vásquez,CDM,Midfielder,2
/kaggle/working/images/Midfielder/263394.png,263394,J. Affonso,CM,Midfielder,2
/kaggle/working/images/Midfielder/262323.png,262323,M. Young,CM,Midfielder,2
/kaggle/working/images/Midfielder/150516.png,150516,L. Podolski,CAM,Midfielder,2
/kaggle/working/images/Midfielder/230107.png,230107,L. Coulibaly,CDM,Midfielder,2
/kaggle/working/images/Midfielder/252027.png,252027,A. Vranckx,CM,Midfielder,2
/kaggle/working/images/Midfielder/252165.png,252165,S. Van Dessel,CM,Midfielder,2
/kaggle/working/images/Midfielder/263662.png,263662,S. González,CM,Midfielder,2
/kaggle/working/images/Midfielder/223794.png,223794,P. Schobesberger,LM,Midfielder,2
/kaggle/working/images/Midfielder/262720.png,262720,I. Ștefan,CDM,Midfielder,2
/kaggle/working/images/Midfielder/243634.png,243634,S. Kodama,LM,Midfielder,2
/kaggle/working/images/Midfielder/228589.png,228589,Raphael Guzzo,CM,Midfielder,2
/kaggle/working/images/Midfielder/241084.png,241084,L. Díaz,LM,Midfielder,2
/kaggle/working/images/Midfielder/194079.png,194079,A. Potuk,CAM,Midfielder,2
/kaggle/working/images/Midfielder/242737.png,242737,E. Aguilar,CM,Midfielder,2
/kaggle/working/images/Midfielder/220558.png,220558,J. Von Haacke,CDM,Midfielder,2
/kaggle/working/images/Midfielder/202940.png,202940,N. Kebano,LM,Midfielder,2
/kaggle/working/images/Midfielder/243044.png,243044,N. Ofoborh,CDM,Midfielder,2
/kaggle/working/images/Midfielder/254239.png,254239,F. Bamenye,RM,Midfielder,2
/kaggle/working/images/Midfielder/252134.png,252134,L. Clarkson,CM,Midfielder,2
/kaggle/working/images/Midfielder/247715.png,247715,Hwang Byung Kwon,CM,Midfielder,2
/kaggle/working/images/Midfielder/240190.png,240190,K. Malong,CM,Midfielder,2
/kaggle/working/images/Midfielder/215270.png,215270,L. Zelarayán,CAM,Midfielder,2
/kaggle/working/images/Midfielder/225953.png,225953,S. Bergwijn,LM,Midfielder,2
/kaggle/working/images/Midfielder/212099.png,212099,S. Tronstad,CM,Midfielder,2
/kaggle/working/images/Midfielder/253325.png,253325,R. Champang,LM,Midfielder,2
/kaggle/working/images/Midfielder/224618.png,224618,Lin Chuangyi,CM,Midfielder,2
/kaggle/working/images/Midfielder/246057.png,246057,Sebastián Méndez,CDM,Midfielder,2
/kaggle/working/images/Midfielder/226711.png,226711,N. Omladič,RM,Midfielder,2
/kaggle/working/images/Midfielder/252837.png,252837,Nico Melamed,LM,Midfielder,2
/kaggle/working/images/Midfielder/208144.png,208144,D. Bessa,CAM,Midfielder,2
/kaggle/working/images/Midfielder/247638.png,247638,J. Portillo,CDM,Midfielder,2
/kaggle/working/images/Midfielder/255566.png,255566,Samú Costa,CDM,Midfielder,2
/kaggle/working/images/Midfielder/232966.png,232966,H. Jogo,RM,Midfielder,2
/kaggle/working/images/Midfielder/205391.png,205391,S. Meïté,CM,Midfielder,2
/kaggle/working/images/Midfielder/263500.png,263500,F. Romero,CDM,Midfielder,2
/kaggle/working/images/Midfielder/233959.png,233959,S. Villa,RM,Midfielder,2
/kaggle/working/images/Midfielder/178253.png,178253,Ivo,CM,Midfielder,2
/kaggle/working/images/Midfielder/236615.png,236615,D. Rigo,CDM,Midfielder,2
/kaggle/working/images/Midfielder/261777.png,261777,César Sousa,CAM,Midfielder,2
/kaggle/working/images/Midfielder/188000.png,188000,Sandro Manoel,CDM,Midfielder,2
/kaggle/working/images/Midfielder/193847.png,193847,Osmar,CDM,Midfielder,2
/kaggle/working/images/Midfielder/241160.png,241160,G. McEachran,CM,Midfielder,2
/kaggle/working/images/Midfielder/260983.png,260983,J. Casas Jr.,CM,Midfielder,2
/kaggle/working/images/Midfielder/210868.png,210868,José Mari,CDM,Midfielder,2
/kaggle/working/images/Midfielder/255380.png,255380,I. Soro,CDM,Midfielder,2
/kaggle/working/images/Midfielder/262103.png,262103,D. MacKay,LM,Midfielder,2
/kaggle/working/images/Midfielder/157301.png,157301,R. Babel,LM,Midfielder,2
/kaggle/working/images/Midfielder/224925.png,224925,G. Gaudino,CM,Midfielder,2
/kaggle/working/images/Midfielder/258319.png,258319,N. Iosifov,LM,Midfielder,2
/kaggle/working/images/Midfielder/261380.png,261380,J. Cano,CM,Midfielder,2
/kaggle/working/images/Midfielder/248384.png,248384,I. Gruev,CDM,Midfielder,2
/kaggle/working/images/Midfielder/262181.png,262181,A. Meekison,CM,Midfielder,2
/kaggle/working/images/Midfielder/252038.png,252038,Romário Baró,RM,Midfielder,2
/kaggle/working/images/Midfielder/240388.png,240388,N. Perry,LM,Midfielder,2
/kaggle/working/images/Midfielder/243606.png,243606,K. Lewis-Potter,LM,Midfielder,2
/kaggle/working/images/Midfielder/245613.png,245613,M. Nakajima,CAM,Midfielder,2
/kaggle/working/images/Midfielder/236679.png,236679,Melendo,CAM,Midfielder,2
/kaggle/working/images/Midfielder/262609.png,262609,E. Akdağ,CDM,Midfielder,2
/kaggle/working/images/Midfielder/262706.png,262706,S. Vereș,CDM,Midfielder,2
/kaggle/working/images/Midfielder/247658.png,247658,R. Hajal,CAM,Midfielder,2
/kaggle/working/images/Midfielder/213702.png,213702,H. Ongenda,CAM,Midfielder,2
/kaggle/working/images/Midfielder/208461.png,208461,M. de Roon,CDM,Midfielder,2
/kaggle/working/images/Midfielder/255980.png,255980,J. Kabia,RM,Midfielder,2
/kaggle/working/images/Midfielder/241342.png,241342,Su Yuanjie,RM,Midfielder,2
/kaggle/working/images/Midfielder/200952.png,200952,M. Könnecke,CAM,Midfielder,2
/kaggle/working/images/Midfielder/238058.png,238058,C. O'Hare,CAM,Midfielder,2
/kaggle/working/images/Midfielder/236792.png,236792,T. Souček,CDM,Midfielder,2
/kaggle/working/images/Midfielder/246979.png,246979,Elliot Simões,LM,Midfielder,2
/kaggle/working/images/Midfielder/256696.png,256696,D. Ghindovean,CM,Midfielder,2
/kaggle/working/images/Midfielder/221857.png,221857,Jin Jingdao,RM,Midfielder,2
/kaggle/working/images/Midfielder/263322.png,263322,M. Snelgrove,RM,Midfielder,2
/kaggle/working/images/Midfielder/251634.png,251634,E. Florescu,CM,Midfielder,2
/kaggle/working/images/Midfielder/220739.png,220739,J. Sornoza,CAM,Midfielder,2
/kaggle/working/images/Midfielder/232057.png,232057,P. Lagemyr,CAM,Midfielder,2
/kaggle/working/images/Midfielder/229010.png,229010,S. Amallah,CAM,Midfielder,2
/kaggle/working/images/Midfielder/242056.png,242056,C. Timmins,CM,Midfielder,2
/kaggle/working/images/Midfielder/264120.png,264120,A. Moran,CAM,Midfielder,2
/kaggle/working/images/Midfielder/182689.png,182689,A. Power,CM,Midfielder,2
/kaggle/working/images/Midfielder/226021.png,226021,Guo Hao,CM,Midfielder,2
/kaggle/working/images/Midfielder/220831.png,220831,M. Malsa,CM,Midfielder,2
/kaggle/working/images/Midfielder/251763.png,251763,L. Ranđelović,RM,Midfielder,2
/kaggle/working/images/Midfielder/251421.png,251421,B. Johnson,RM,Midfielder,2
/kaggle/working/images/Midfielder/255830.png,255830,Y. Yamamoto,CM,Midfielder,2
/kaggle/working/images/Midfielder/237994.png,237994,N. Barrios,LM,Midfielder,2
/kaggle/working/images/Midfielder/168621.png,168621,Zeca,CDM,Midfielder,2
/kaggle/working/images/Midfielder/171082.png,171082,S. De Ridder,CM,Midfielder,2
/kaggle/working/images/Midfielder/261137.png,261137,M. Rogoski,CM,Midfielder,2
/kaggle/working/images/Midfielder/202535.png,202535,T. Röcher,RM,Midfielder,2
/kaggle/working/images/Midfielder/239835.png,239835,V. Mpindi Ekani,CDM,Midfielder,2
/kaggle/working/images/Midfielder/237823.png,237823,H. Abe,LM,Midfielder,2
/kaggle/working/images/Midfielder/203415.png,203415,J. Reeves,CM,Midfielder,2
/kaggle/working/images/Midfielder/237420.png,237420,V. Janjičić,CDM,Midfielder,2
/kaggle/working/images/Midfielder/240908.png,240908,F. Aksoy,CDM,Midfielder,2
/kaggle/working/images/Midfielder/208630.png,208630,D. Furman,CM,Midfielder,2
/kaggle/working/images/Midfielder/236639.png,236639,Xeka,CDM,Midfielder,2
/kaggle/working/images/Midfielder/238636.png,238636,R. Preißinger,CDM,Midfielder,2
/kaggle/working/images/Midfielder/263421.png,263421,L. Coulibaly,CAM,Midfielder,2
/kaggle/working/images/Midfielder/261579.png,261579,A. Mostovoy,LM,Midfielder,2
/kaggle/working/images/Midfielder/250958.png,250958,D. Ontužāns,CAM,Midfielder,2
/kaggle/working/images/Midfielder/254822.png,254822,F. Tudor,RM,Midfielder,2
/kaggle/working/images/Midfielder/246100.png,246100,K. Askildsen,CM,Midfielder,2
/kaggle/working/images/Midfielder/204493.png,204493,R. Holzhauser,CAM,Midfielder,2
/kaggle/working/images/Midfielder/258987.png,258987,Ruan Zhexiang,CM,Midfielder,2
/kaggle/working/images/Midfielder/244170.png,244170,D. Vokić,CDM,Midfielder,2
/kaggle/working/images/Midfielder/236627.png,236627,J. Kade,CM,Midfielder,2
/kaggle/working/images/Midfielder/235955.png,235955,R. Guitane,CAM,Midfielder,2
/kaggle/working/images/Midfielder/246309.png,246309,Miguel Luís,CM,Midfielder,2
/kaggle/working/images/Midfielder/244488.png,244488,S. Arab,CAM,Midfielder,2
/kaggle/working/images/Midfielder/210583.png,210583,M. Stendera,CM,Midfielder,2
/kaggle/working/images/Midfielder/222294.png,222294,Sun Shilin,CM,Midfielder,2
/kaggle/working/images/Midfielder/247288.png,247288,I. Camará,CDM,Midfielder,2
/kaggle/working/images/Midfielder/206207.png,206207,W. Zahibo,CDM,Midfielder,2
/kaggle/working/images/Midfielder/220479.png,220479,P. Olsen,CM,Midfielder,2
/kaggle/working/images/Midfielder/229488.png,229488,F. Madrigal,CDM,Midfielder,2
/kaggle/working/images/Midfielder/208309.png,208309,I. Cissé,CDM,Midfielder,2
/kaggle/working/images/Midfielder/216464.png,216464,A. Browne,CM,Midfielder,2
/kaggle/working/images/Midfielder/262941.png,262941,A. Okyere,CM,Midfielder,2
/kaggle/working/images/Midfielder/240648.png,240648,C. Metcalfe,CDM,Midfielder,2
/kaggle/working/images/Midfielder/260195.png,260195,John Patrick,CAM,Midfielder,2
/kaggle/working/images/Midfielder/208590.png,208590,M. Armellino,CM,Midfielder,2
/kaggle/working/images/Midfielder/260445.png,260445,C. Góngora,CM,Midfielder,2
/kaggle/working/images/Midfielder/248010.png,248010,E. Papa,CDM,Midfielder,2
/kaggle/working/images/Midfielder/190593.png,190593,D. Aleksić,CAM,Midfielder,2
/kaggle/working/images/Midfielder/230801.png,230801,A. Hazazi,CDM,Midfielder,2
/kaggle/working/images/Midfielder/231951.png,231951,R. Williams,RM,Midfielder,2
/kaggle/working/images/Midfielder/239053.png,239053,F. Valverde,CM,Midfielder,2
/kaggle/working/images/Midfielder/208063.png,208063,Ju Se Jong,CM,Midfielder,2
/kaggle/working/images/Midfielder/225355.png,225355,W. Parra,CDM,Midfielder,2
/kaggle/working/images/Midfielder/235125.png,235125,J. Esquivel,CDM,Midfielder,2
/kaggle/working/images/Midfielder/189278.png,189278,L. Murphy,CM,Midfielder,2
/kaggle/working/images/Midfielder/248588.png,248588,C. Itu,CM,Midfielder,2
/kaggle/working/images/Midfielder/219998.png,219998,J. Mauri,CM,Midfielder,2
/kaggle/working/images/Midfielder/206577.png,206577,S. Peeters,CM,Midfielder,2
/kaggle/working/images/Midfielder/260570.png,260570,J. Steuckers,CAM,Midfielder,2
/kaggle/working/images/Midfielder/206225.png,206225,D. Cheryshev,LM,Midfielder,2
/kaggle/working/images/Midfielder/201046.png,201046,R. Saponara,CAM,Midfielder,2
/kaggle/working/images/Midfielder/247140.png,247140,J. Benson,CM,Midfielder,2
/kaggle/working/images/Midfielder/221766.png,221766,Y. Pambou,CM,Midfielder,2
/kaggle/working/images/Midfielder/218667.png,218667,Bernardo Silva,CAM,Midfielder,2
/kaggle/working/images/Midfielder/235008.png,235008,L. Robertone,CAM,Midfielder,2
/kaggle/working/images/Midfielder/229354.png,229354,A. Ferati,CAM,Midfielder,2
/kaggle/working/images/Midfielder/258866.png,258866,V. Sourlis,CM,Midfielder,2
/kaggle/working/images/Midfielder/260507.png,260507,L. Serrano,CM,Midfielder,2
/kaggle/working/images/Midfielder/263038.png,263038,M. Pečar,CAM,Midfielder,2
/kaggle/working/images/Midfielder/200524.png,200524,N. Maripuu,CM,Midfielder,2
/kaggle/working/images/Midfielder/230824.png,230824,Pedro Pereira,RM,Midfielder,2
/kaggle/working/images/Midfielder/185132.png,185132,Mikel San José,CM,Midfielder,2
/kaggle/working/images/Midfielder/259186.png,259186,S. Smith,CM,Midfielder,2
/kaggle/working/images/Midfielder/263202.png,263202,M. Bergum,CM,Midfielder,2
/kaggle/working/images/Midfielder/261993.png,261993,Álex Cardero,CM,Midfielder,2
/kaggle/working/images/Midfielder/238882.png,238882,Dani Ojeda,LM,Midfielder,2
/kaggle/working/images/Midfielder/264349.png,264349,J. McAtee,CAM,Midfielder,2
/kaggle/working/images/Midfielder/260216.png,260216,C. Edoojon Kawakami,RM,Midfielder,2
/kaggle/working/images/Midfielder/233727.png,233727,C. McLennan,RM,Midfielder,2
/kaggle/working/images/Midfielder/239621.png,239621,J. Celaya,LM,Midfielder,2
/kaggle/working/images/Midfielder/238036.png,238036,B. Cejas,CAM,Midfielder,2
/kaggle/working/images/Midfielder/261688.png,261688,R. Aguilera,CDM,Midfielder,2
/kaggle/working/images/Midfielder/246848.png,246848,B. Fofana,LM,Midfielder,2
/kaggle/working/images/Midfielder/258493.png,258493,Quintana,CDM,Midfielder,2
/kaggle/working/images/Midfielder/211408.png,211408,K. Linetty,CM,Midfielder,2
/kaggle/working/images/Midfielder/247827.png,247827,M. Olise,CAM,Midfielder,2
/kaggle/working/images/Midfielder/234078.png,234078,O. Mangala,CM,Midfielder,2
/kaggle/working/images/Midfielder/232545.png,232545,N. Broadhead,LM,Midfielder,2
/kaggle/working/images/Midfielder/178007.png,178007,Miguel Veloso,CM,Midfielder,2
/kaggle/working/images/Midfielder/262572.png,262572,N. Pedersen,LM,Midfielder,2
/kaggle/working/images/Midfielder/189059.png,189059,J. Livermore,CDM,Midfielder,2
/kaggle/working/images/Midfielder/227881.png,227881,S. McWilliams,CDM,Midfielder,2
/kaggle/working/images/Midfielder/243922.png,243922,M. Radecki,CAM,Midfielder,2
/kaggle/working/images/Midfielder/240873.png,240873,Genaro,CDM,Midfielder,2
/kaggle/working/images/Midfielder/258040.png,258040,G. Papanikolaou,CM,Midfielder,2
/kaggle/working/images/Midfielder/251356.png,251356,N. Vallys,LM,Midfielder,2
/kaggle/working/images/Midfielder/256104.png,256104,T. Tessmann,CDM,Midfielder,2
/kaggle/working/images/Midfielder/253306.png,253306,M. Ugarte,CM,Midfielder,2
/kaggle/working/images/Midfielder/207513.png,207513,G. Holohan,CM,Midfielder,2
/kaggle/working/images/Midfielder/240826.png,240826,L. Sørensen,CM,Midfielder,2
/kaggle/working/images/Midfielder/235389.png,235389,C. Rodríguez,CM,Midfielder,2
/kaggle/working/images/Midfielder/206274.png,206274,L. Antal,RM,Midfielder,2
/kaggle/working/images/Midfielder/172904.png,172904,L. Tomlin,CAM,Midfielder,2
/kaggle/working/images/Midfielder/229758.png,229758,R. Krunić,CM,Midfielder,2
/kaggle/working/images/Midfielder/205072.png,205072,D. Pedersen,CDM,Midfielder,2
/kaggle/working/images/Midfielder/257529.png,257529,H. Al Abdan,LM,Midfielder,2
/kaggle/working/images/Midfielder/226197.png,226197,Feng Jin,RM,Midfielder,2
/kaggle/working/images/Midfielder/209499.png,209499,Fabinho,CDM,Midfielder,2
/kaggle/working/images/Midfielder/235432.png,235432,M. Munetsi,CDM,Midfielder,2
/kaggle/working/images/Midfielder/226266.png,226266,J. Vargas,CAM,Midfielder,2
/kaggle/working/images/Midfielder/261282.png,261282,S. Pearson,RM,Midfielder,2
/kaggle/working/images/Midfielder/234726.png,234726,J. Rodríguez,LM,Midfielder,2
/kaggle/working/images/Midfielder/224970.png,224970,J. Dompé,LM,Midfielder,2
/kaggle/working/images/Midfielder/259856.png,259856,W. Lugo,CDM,Midfielder,2
/kaggle/working/images/Midfielder/214302.png,214302,C. Baeza,CDM,Midfielder,2
/kaggle/working/images/Midfielder/256149.png,256149,H. Martínez,CDM,Midfielder,2
/kaggle/working/images/Midfielder/213147.png,213147,J. Allen,CM,Midfielder,2
/kaggle/working/images/Midfielder/245286.png,245286,J. Žambůrek,CAM,Midfielder,2
/kaggle/working/images/Midfielder/264596.png,264596,E. Mbinga,CAM,Midfielder,2
/kaggle/working/images/Midfielder/259322.png,259322,R. Cristóbal,CDM,Midfielder,2
/kaggle/working/images/Midfielder/253177.png,253177,Y. Musah,RM,Midfielder,2
/kaggle/working/images/Midfielder/246469.png,246469,A. Urzi,LM,Midfielder,2
/kaggle/working/images/Midfielder/224057.png,224057,A. Farías,CM,Midfielder,2
/kaggle/working/images/Midfielder/263426.png,263426,S. Faraj,CM,Midfielder,2
/kaggle/working/images/Midfielder/232360.png,232360,G. Perrin,LM,Midfielder,2
/kaggle/working/images/Midfielder/231677.png,231677,M. Rashford,LM,Midfielder,2
/kaggle/working/images/Midfielder/172952.png,172952,T. Diagouraga,CDM,Midfielder,2
/kaggle/working/images/Midfielder/224608.png,224608,Cai Huikang,CDM,Midfielder,2
/kaggle/working/images/Midfielder/233544.png,233544,K. Malinov,CDM,Midfielder,2
/kaggle/working/images/Midfielder/252264.png,252264,E. Eyibil,CAM,Midfielder,2
/kaggle/working/images/Midfielder/240674.png,240674,C. Merrie,CDM,Midfielder,2
/kaggle/working/images/Midfielder/189383.png,189383,M. Albæk,CM,Midfielder,2
/kaggle/working/images/Midfielder/239671.png,239671,Tete Morente,RM,Midfielder,2
/kaggle/working/images/Midfielder/248831.png,248831,M. Diaby,CDM,Midfielder,2
/kaggle/working/images/Midfielder/189462.png,189462,J. Hoilett,LM,Midfielder,2
/kaggle/working/images/Midfielder/244260.png,244260,Dani Olmo,CAM,Midfielder,2
/kaggle/working/images/Midfielder/248379.png,248379,S. Doherty,LM,Midfielder,2
/kaggle/working/images/Midfielder/248011.png,248011,L. Fülöp,CAM,Midfielder,2
/kaggle/working/images/Midfielder/261819.png,261819,D. Rodríguez,CM,Midfielder,2
/kaggle/working/images/Midfielder/205686.png,205686,T. Savanier,CM,Midfielder,2
/kaggle/working/images/Midfielder/207807.png,207807,R. Fraser,LM,Midfielder,2
/kaggle/working/images/Midfielder/263620.png,263620,R. Lavia,CDM,Midfielder,2
/kaggle/working/images/Midfielder/246349.png,246349,D. Markanday,RM,Midfielder,2
/kaggle/working/images/Midfielder/255500.png,255500,Seo Min Woo,CM,Midfielder,2
/kaggle/working/images/Midfielder/253109.png,253109,J. Veerman,CM,Midfielder,2
/kaggle/working/images/Midfielder/240068.png,240068,S. Al Nabit,LM,Midfielder,2
/kaggle/working/images/Midfielder/245598.png,245598,I. Baba,CDM,Midfielder,2
/kaggle/working/images/Midfielder/208589.png,208589,K. Pusch,CAM,Midfielder,2
/kaggle/working/images/Midfielder/189454.png,189454,D. Díaz,CAM,Midfielder,2
/kaggle/working/images/Midfielder/261108.png,261108,A. Kozubal,CM,Midfielder,2
/kaggle/working/images/Midfielder/222148.png,222148,O. Duda,CAM,Midfielder,2
/kaggle/working/images/Midfielder/227706.png,227706,J. Hromada,CDM,Midfielder,2
/kaggle/working/images/Midfielder/239505.png,239505,P. Kun,LM,Midfielder,2
/kaggle/working/images/Midfielder/223506.png,223506,T. Pierrot,CDM,Midfielder,2
/kaggle/working/images/Midfielder/254232.png,254232,A. Khan,CAM,Midfielder,2
/kaggle/working/images/Midfielder/229753.png,229753,T. Ndenge,CDM,Midfielder,2
/kaggle/working/images/Midfielder/241501.png,241501,A. Bareiro,RM,Midfielder,2
/kaggle/working/images/Midfielder/234107.png,234107,E. Ojeda,CM,Midfielder,2
/kaggle/working/images/Midfielder/245237.png,245237,I. Saavedra,CM,Midfielder,2
/kaggle/working/images/Midfielder/221534.png,221534,G. O'Neill,CM,Midfielder,2
/kaggle/working/images/Midfielder/253662.png,253662,K. Okuno,CDM,Midfielder,2
/kaggle/working/images/Midfielder/256001.png,256001,N. Molina,CDM,Midfielder,2
/kaggle/working/images/Midfielder/223926.png,223926,S. Bastien,CM,Midfielder,2
/kaggle/working/images/Midfielder/226370.png,226370,André Horta,CM,Midfielder,2
/kaggle/working/images/Midfielder/224315.png,224315,L. Paganini,CM,Midfielder,2
/kaggle/working/images/Midfielder/234943.png,234943,F. Neuhaus,CM,Midfielder,2
/kaggle/working/images/Midfielder/211001.png,211001,Alex Vallejo,CDM,Midfielder,2
/kaggle/working/images/Midfielder/224311.png,224311,F. Børsting,RM,Midfielder,2
/kaggle/working/images/Midfielder/253820.png,253820,L. Landaeta,CDM,Midfielder,2
/kaggle/working/images/Midfielder/205382.png,205382,E. Boldewijn,RM,Midfielder,2
/kaggle/working/images/Midfielder/212990.png,212990,C. Camps,CM,Midfielder,2
/kaggle/working/images/Midfielder/211135.png,211135,M. Attiyah,CM,Midfielder,2
/kaggle/working/images/Midfielder/255185.png,255185,Y. Suzuki,CAM,Midfielder,2
/kaggle/working/images/Midfielder/257731.png,257731,A. Panait,CDM,Midfielder,2
/kaggle/working/images/Midfielder/207554.png,207554,V. Claesson,CAM,Midfielder,2
/kaggle/working/images/Midfielder/229765.png,229765,Olaetxea,CAM,Midfielder,2
/kaggle/working/images/Midfielder/231514.png,231514,R. Gojani,CM,Midfielder,2
/kaggle/working/images/Midfielder/216836.png,216836,Álvaro Peña,CAM,Midfielder,2
/kaggle/working/images/Midfielder/258881.png,258881,O. Nwobodo,CDM,Midfielder,2
/kaggle/working/images/Midfielder/212476.png,212476,Medrán,CM,Midfielder,2
/kaggle/working/images/Midfielder/263491.png,263491,V. Dumitrache,CAM,Midfielder,2
/kaggle/working/images/Midfielder/229504.png,229504,F. Lauenborg,CM,Midfielder,2
/kaggle/working/images/Midfielder/245255.png,245255,J. Marcioni,RM,Midfielder,2
/kaggle/working/images/Midfielder/251313.png,251313,S. Lahssaini,CM,Midfielder,2
/kaggle/working/images/Midfielder/242114.png,242114,I. Mahnashi,CDM,Midfielder,2
/kaggle/working/images/Midfielder/227629.png,227629,O. Finney,CM,Midfielder,2
/kaggle/working/images/Midfielder/216381.png,216381,J. Zimmer,RM,Midfielder,2
/kaggle/working/images/Midfielder/255808.png,255808,A. Alfaro,LM,Midfielder,2
/kaggle/working/images/Midfielder/210896.png,210896,M. Sanson,CM,Midfielder,2
/kaggle/working/images/Midfielder/220905.png,220905,J. Aholou,CDM,Midfielder,2
/kaggle/working/images/Midfielder/226807.png,226807,C. Roldan,CDM,Midfielder,2
/kaggle/working/images/Midfielder/236898.png,236898,M. Aebischer,CM,Midfielder,2
/kaggle/working/images/Midfielder/244393.png,244393,Gonzalo Villar,CM,Midfielder,2
/kaggle/working/images/Midfielder/225359.png,225359,C. Budescu,CAM,Midfielder,2
/kaggle/working/images/Midfielder/262066.png,262066,J. Troya,RM,Midfielder,2
/kaggle/working/images/Midfielder/262354.png,262354,J. Rotsen,CM,Midfielder,2
/kaggle/working/images/Midfielder/190875.png,190875,J. Kucka,CM,Midfielder,2
/kaggle/working/images/Midfielder/239558.png,239558,G. Roemeratoe,CDM,Midfielder,2
/kaggle/working/images/Midfielder/229914.png,229914,E. Osadebe,CM,Midfielder,2
/kaggle/working/images/Midfielder/202135.png,202135,S. Sturaro,CM,Midfielder,2
/kaggle/working/images/Midfielder/168542.png,168542,David Silva,CAM,Midfielder,2
/kaggle/working/images/Midfielder/246750.png,246750,S. Haudum,CDM,Midfielder,2
/kaggle/working/images/Midfielder/252358.png,252358,F. Michel,CM,Midfielder,2
/kaggle/working/images/Midfielder/224403.png,224403,G. Alanís,LM,Midfielder,2
/kaggle/working/images/Midfielder/204730.png,204730,J. Schoop,CM,Midfielder,2
/kaggle/working/images/Midfielder/244673.png,244673,M. Daly,CM,Midfielder,2
/kaggle/working/images/Midfielder/225237.png,225237,J. Ortmark,CM,Midfielder,2
/kaggle/working/images/Midfielder/250911.png,250911,B. Santelli,LM,Midfielder,2
/kaggle/working/images/Midfielder/262901.png,262901,E. Mirchev,CDM,Midfielder,2
/kaggle/working/images/Midfielder/258372.png,258372,G. Singh,CM,Midfielder,2
/kaggle/working/images/Midfielder/222227.png,222227,P. Berg,CM,Midfielder,2
/kaggle/working/images/Midfielder/259568.png,259568,C. Harvey,CM,Midfielder,2
/kaggle/working/images/Midfielder/245475.png,245475,D. Pakulski,CAM,Midfielder,2
/kaggle/working/images/Midfielder/192074.png,192074,Cristóbal,CDM,Midfielder,2
/kaggle/working/images/Midfielder/225403.png,225403,İ. Kahveci,CM,Midfielder,2
/kaggle/working/images/Midfielder/214177.png,214177,L. Paz,CDM,Midfielder,2
/kaggle/working/images/Midfielder/257194.png,257194,Telmo Arcanjo,CAM,Midfielder,2
/kaggle/working/images/Midfielder/230079.png,230079,A. Kalulu,RM,Midfielder,2
/kaggle/working/images/Midfielder/242573.png,242573,D. Caicedo,LM,Midfielder,2
/kaggle/working/images/Midfielder/238126.png,238126,Guridi,CM,Midfielder,2
/kaggle/working/images/Midfielder/216813.png,216813,Bruno Henrique,CDM,Midfielder,2
/kaggle/working/images/Midfielder/261748.png,261748,C. McLaughlin,CAM,Midfielder,2
/kaggle/working/images/Midfielder/213490.png,213490,I. Brown,CAM,Midfielder,2
/kaggle/working/images/Midfielder/241239.png,241239,Lin Liangming,RM,Midfielder,2
/kaggle/working/images/Midfielder/261190.png,261190,B. Al Hurayji,CAM,Midfielder,2
/kaggle/working/images/Midfielder/188768.png,188768,Serey Dié,CDM,Midfielder,2
/kaggle/working/images/Midfielder/239452.png,239452,I. Diallo,CDM,Midfielder,2
/kaggle/working/images/Midfielder/176071.png,176071,D. McCarty,CDM,Midfielder,2
/kaggle/working/images/Midfielder/229053.png,229053,Z. Yıldırım,CDM,Midfielder,2
/kaggle/working/images/Midfielder/254882.png,254882,A. Oeynhausen,CM,Midfielder,2
/kaggle/working/images/Midfielder/234587.png,234587,J. Leiva,CM,Midfielder,2
/kaggle/working/images/Midfielder/228414.png,228414,Matheus Pereira,CAM,Midfielder,2
/kaggle/working/images/Midfielder/253041.png,253041,J. Evan's,LM,Midfielder,2
/kaggle/working/images/Midfielder/198784.png,198784,A. Oxlade-Chamberlain,CM,Midfielder,2
/kaggle/working/images/Midfielder/214973.png,214973,L. Villafañez,CAM,Midfielder,2
/kaggle/working/images/Midfielder/244010.png,244010,Josemi Castañeda,CM,Midfielder,2
/kaggle/working/images/Midfielder/230157.png,230157,E. Sabo,CM,Midfielder,2
/kaggle/working/images/Midfielder/255037.png,255037,S. Abe,CM,Midfielder,2
/kaggle/working/images/Midfielder/232680.png,232680,A. Al Qahtani,CAM,Midfielder,2
/kaggle/working/images/Midfielder/258405.png,258405,A. Arli,CAM,Midfielder,2
/kaggle/working/images/Midfielder/222916.png,222916,J. Ginnelly,LM,Midfielder,2
/kaggle/working/images/Midfielder/218880.png,218880,S. Marreh,CDM,Midfielder,2
/kaggle/working/images/Midfielder/210987.png,210987,D. Morgan,CM,Midfielder,2
/kaggle/working/images/Midfielder/238913.png,238913,M. Harzan,LM,Midfielder,2
/kaggle/working/images/Midfielder/245055.png,245055,A. Moreno,CM,Midfielder,2
/kaggle/working/images/Midfielder/259853.png,259853,M. Mukhin,CM,Midfielder,2
/kaggle/working/images/Midfielder/234824.png,234824,Y. Wissa,LM,Midfielder,2
/kaggle/working/images/Midfielder/244238.png,244238,J. Bijol,CDM,Midfielder,2
/kaggle/working/images/Midfielder/258596.png,258596,Gonçalo Franco,CAM,Midfielder,2
/kaggle/working/images/Midfielder/235670.png,235670,R. Lundqvist,CM,Midfielder,2
/kaggle/working/images/Midfielder/234894.png,234894,E. Bohinen,CM,Midfielder,2
/kaggle/working/images/Midfielder/199584.png,199584,M. Kieftenbeld,CDM,Midfielder,2
/kaggle/working/images/Midfielder/261543.png,261543,D. Byrne,LM,Midfielder,2
/kaggle/working/images/Midfielder/173530.png,173530,S. Aluko,RM,Midfielder,2
/kaggle/working/images/Midfielder/254859.png,254859,A. Mighten,LM,Midfielder,2
/kaggle/working/images/Midfielder/233092.png,233092,J. Pereyra,CDM,Midfielder,2
/kaggle/working/images/Midfielder/215700.png,215700,L. O'Nien,CDM,Midfielder,2
/kaggle/working/images/Midfielder/170362.png,170362,M. Oyola,CM,Midfielder,2
/kaggle/working/images/Midfielder/261469.png,261469,E. Abreu,CM,Midfielder,2
/kaggle/working/images/Midfielder/241809.png,241809,T. Al Ammar,CM,Midfielder,2
/kaggle/working/images/Midfielder/187702.png,187702,O. El Kaddouri,CM,Midfielder,2
/kaggle/working/images/Midfielder/237135.png,237135,Davidson,LM,Midfielder,2
/kaggle/working/images/Midfielder/255927.png,255927,D. Pecile,CM,Midfielder,2
/kaggle/working/images/Midfielder/262667.png,262667,L. Herrmann,CM,Midfielder,2
/kaggle/working/images/Midfielder/199159.png,199159,L. Brattan,CDM,Midfielder,2
/kaggle/working/images/Midfielder/219990.png,219990,V. Hoff,CM,Midfielder,2
/kaggle/working/images/Midfielder/252516.png,252516,Chen Pu,CAM,Midfielder,2
/kaggle/working/images/Midfielder/262669.png,262669,E. Leopold,CM,Midfielder,2
/kaggle/working/images/Midfielder/242815.png,242815,D. Fitz,CAM,Midfielder,2
/kaggle/working/images/Midfielder/252508.png,252508,K. Kozłowski,CAM,Midfielder,2
/kaggle/working/images/Midfielder/248080.png,248080,Filipe Nascimento,CM,Midfielder,2
/kaggle/working/images/Midfielder/246256.png,246256,S. Rhein,CDM,Midfielder,2
/kaggle/working/images/Midfielder/214747.png,214747,D. Orellana,CM,Midfielder,2
/kaggle/working/images/Midfielder/228080.png,228080,F. Passlack,RM,Midfielder,2
/kaggle/working/images/Midfielder/240385.png,240385,N. Zanellato,CM,Midfielder,2
/kaggle/working/images/Midfielder/262541.png,262541,M. Søndergaard,CM,Midfielder,2
/kaggle/working/images/Midfielder/242434.png,242434,C. Jones,CM,Midfielder,2
/kaggle/working/images/Midfielder/238410.png,238410,L. Coyle,CDM,Midfielder,2
/kaggle/working/images/Midfielder/246960.png,246960,M. Ihattaren,CAM,Midfielder,2
/kaggle/working/images/Midfielder/230020.png,230020,P. Lees-Melou,CM,Midfielder,2
/kaggle/working/images/Midfielder/197891.png,197891,Juanmi,LM,Midfielder,2
/kaggle/working/images/Midfielder/260141.png,260141,C. Cîrjan,CM,Midfielder,2
/kaggle/working/images/Midfielder/188271.png,188271,F. Ayité,LM,Midfielder,2
/kaggle/working/images/Midfielder/225168.png,225168,V. Jacob,LM,Midfielder,2
/kaggle/working/images/Midfielder/260421.png,260421,I. Parente,CAM,Midfielder,2
/kaggle/working/images/Midfielder/212242.png,212242,R. Andrich,CM,Midfielder,2
/kaggle/working/images/Midfielder/259063.png,259063,R. Fenlon,CM,Midfielder,2
/kaggle/working/images/Midfielder/242619.png,242619,C. Doucouré,CM,Midfielder,2
/kaggle/working/images/Midfielder/170370.png,170370,J. dos Santos,CM,Midfielder,2
/kaggle/working/images/Midfielder/244480.png,244480,H. Magnetti,CDM,Midfielder,2
/kaggle/working/images/Midfielder/240903.png,240903,Javi Pérez,CM,Midfielder,2
/kaggle/working/images/Midfielder/232655.png,232655,S. Juklerød,LM,Midfielder,2
/kaggle/working/images/Midfielder/222475.png,222475,M. Thorsby,CM,Midfielder,2
/kaggle/working/images/Midfielder/231550.png,231550,J. Quintero,RM,Midfielder,2
/kaggle/working/images/Midfielder/194873.png,194873,E. Bashkirov,CDM,Midfielder,2
/kaggle/working/images/Midfielder/259219.png,259219,N. Dias,CM,Midfielder,2
/kaggle/working/images/Midfielder/172114.png,172114,D. Valeri,CAM,Midfielder,2
/kaggle/working/images/Midfielder/237309.png,237309,D. Redmond,CM,Midfielder,2
/kaggle/working/images/Midfielder/180819.png,180819,A. Lallana,CM,Midfielder,2
/kaggle/working/images/Midfielder/221358.png,221358,J. Rossiter,CDM,Midfielder,2
/kaggle/working/images/Midfielder/200857.png,200857,M. Leitner,CM,Midfielder,2
/kaggle/working/images/Midfielder/124635.png,124635,M. Topal,CDM,Midfielder,2
/kaggle/working/images/Midfielder/202101.png,202101,O. John,LM,Midfielder,2
/kaggle/working/images/Midfielder/255335.png,255335,J. Marshall-Rutty,RM,Midfielder,2
/kaggle/working/images/Midfielder/238784.png,238784,B. Rother,CDM,Midfielder,2
/kaggle/working/images/Midfielder/248661.png,248661,C. Niasse,CDM,Midfielder,2
/kaggle/working/images/Midfielder/247912.png,247912,I. Gheorghe,CAM,Midfielder,2
/kaggle/working/images/Midfielder/206167.png,206167,S. Prcić,CM,Midfielder,2
/kaggle/working/images/Midfielder/212625.png,212625,D. Kinsombi,CM,Midfielder,2
/kaggle/working/images/Midfielder/213763.png,213763,R. Schüller,CDM,Midfielder,2
/kaggle/working/images/Midfielder/226271.png,226271,Fabián,CM,Midfielder,2
/kaggle/working/images/Midfielder/218359.png,218359,D. Ndong,CDM,Midfielder,2
/kaggle/working/images/Midfielder/243881.png,243881,C. Krempicki,CM,Midfielder,2
/kaggle/working/images/Midfielder/242633.png,242633,M. Frendrup,CDM,Midfielder,2
/kaggle/working/images/Midfielder/240027.png,240027,A. Vrenezi,CAM,Midfielder,2
/kaggle/working/images/Midfielder/230638.png,230638,J. Vásquez,RM,Midfielder,2
/kaggle/working/images/Midfielder/260020.png,260020,Y. Vertessen,RM,Midfielder,2
/kaggle/working/images/Midfielder/251071.png,251071,R. Ion,CAM,Midfielder,2
/kaggle/working/images/Midfielder/251358.png,251358,F. Bainović,CDM,Midfielder,2
/kaggle/working/images/Midfielder/198329.png,198329,Rodrigo,CAM,Midfielder,2
/kaggle/working/images/Midfielder/210739.png,210739,C. Nielsen,CM,Midfielder,2
/kaggle/working/images/Midfielder/233373.png,233373,S. Diarra,RM,Midfielder,2
/kaggle/working/images/Midfielder/255332.png,255332,Riuler,CDM,Midfielder,2
/kaggle/working/images/Midfielder/197781.png,197781,Isco,CAM,Midfielder,2
/kaggle/working/images/Midfielder/190589.png,190589,S. Hierländer,RM,Midfielder,2
/kaggle/working/images/Midfielder/189508.png,189508,Víctor Vázquez,CAM,Midfielder,2
/kaggle/working/images/Midfielder/187043.png,187043,S. Johansen,CM,Midfielder,2
/kaggle/working/images/Midfielder/232882.png,232882,K. Misao,CDM,Midfielder,2
/kaggle/working/images/Midfielder/232541.png,232541,R. Izumi,LM,Midfielder,2
/kaggle/working/images/Midfielder/222982.png,222982,A. Blin,CDM,Midfielder,2
/kaggle/working/images/Midfielder/183336.png,183336,P. Helland,RM,Midfielder,2
/kaggle/working/images/Midfielder/202968.png,202968,Yun Il Lok,LM,Midfielder,2
/kaggle/working/images/Midfielder/198811.png,198811,F. Jensen,CDM,Midfielder,2
/kaggle/working/images/Midfielder/244927.png,244927,L. Schöfl,CM,Midfielder,2
/kaggle/working/images/Midfielder/241026.png,241026,T. Chancalay,LM,Midfielder,2
/kaggle/working/images/Midfielder/200263.png,200263,D. Cawley,CM,Midfielder,2
/kaggle/working/images/Midfielder/244425.png,244425,M. Schantl,CM,Midfielder,2
/kaggle/working/images/Midfielder/188985.png,188985,L. Kalludra,CM,Midfielder,2
/kaggle/working/images/Midfielder/234586.png,234586,D. Al Qarni,CM,Midfielder,2
/kaggle/working/images/Midfielder/226296.png,226296,Ye Chugui,CAM,Midfielder,2
/kaggle/working/images/Midfielder/209413.png,209413,M. Matras,CDM,Midfielder,2
/kaggle/working/images/Midfielder/234716.png,234716,J. Attamah,CDM,Midfielder,2
/kaggle/working/images/Midfielder/232090.png,232090,G. Aburjania,CM,Midfielder,2
/kaggle/working/images/Midfielder/155887.png,155887,M. Bradley,CDM,Midfielder,2
/kaggle/working/images/Midfielder/258505.png,258505,M. Braunöder,CM,Midfielder,2
/kaggle/working/images/Midfielder/250931.png,250931,P. Osterhage,CM,Midfielder,2
/kaggle/working/images/Midfielder/258465.png,258465,Ž. Rogelj,RM,Midfielder,2
/kaggle/working/images/Midfielder/227787.png,227787,Kim Jong Woo,CM,Midfielder,2
/kaggle/working/images/Midfielder/238277.png,238277,D. Gazdag,CAM,Midfielder,2
/kaggle/working/images/Midfielder/238904.png,238904,A. Łyszczarz,RM,Midfielder,2
/kaggle/working/images/Midfielder/191657.png,191657,Lim Sang Hyub,RM,Midfielder,2
/kaggle/working/images/Midfielder/204097.png,204097,B. Kiernan,LM,Midfielder,2
/kaggle/working/images/Midfielder/247076.png,247076,C. Oliva,CM,Midfielder,2
/kaggle/working/images/Midfielder/246255.png,246255,D. Kulikov,CDM,Midfielder,2
/kaggle/working/images/Midfielder/252883.png,252883,H. Kyprianou,CDM,Midfielder,2
/kaggle/working/images/Midfielder/206413.png,206413,T. Stepanenko,CDM,Midfielder,2
/kaggle/working/images/Midfielder/244147.png,244147,A. Păun,CAM,Midfielder,2
/kaggle/working/images/Midfielder/257812.png,257812,D. Hrezdac,CDM,Midfielder,2
/kaggle/working/images/Midfielder/240209.png,240209,G. Koyalipou,RM,Midfielder,2
/kaggle/working/images/Midfielder/200054.png,200054,Pedro Obiang,CDM,Midfielder,2
/kaggle/working/images/Midfielder/253521.png,253521,M. Padilla,LM,Midfielder,2
/kaggle/working/images/Midfielder/216270.png,216270,G. Honeyman,CM,Midfielder,2
/kaggle/working/images/Midfielder/260612.png,260612,V. Karlsson,CAM,Midfielder,2
/kaggle/working/images/Midfielder/243968.png,243968,A. De Bruyn,CAM,Midfielder,2
/kaggle/working/images/Midfielder/211927.png,211927,Kwon Chang Hoon,RM,Midfielder,2
/kaggle/working/images/Midfielder/205712.png,205712,Bruno Andrade,RM,Midfielder,2
/kaggle/working/images/Midfielder/264452.png,264452,R. Meerveld,CAM,Midfielder,2
/kaggle/working/images/Midfielder/216463.png,216463,H. Sakhi,CM,Midfielder,2
/kaggle/working/images/Midfielder/245940.png,245940,Silas,RM,Midfielder,2
/kaggle/working/images/Midfielder/246419.png,246419,Y. Verschaeren,CAM,Midfielder,2
/kaggle/working/images/Midfielder/245894.png,245894,Rober,RM,Midfielder,2
/kaggle/working/images/Midfielder/243222.png,243222,B. Slisz,CM,Midfielder,2
/kaggle/working/images/Midfielder/153062.png,153062,V. Figueroa,CAM,Midfielder,2
/kaggle/working/images/Midfielder/196436.png,196436,M. Valverde,CAM,Midfielder,2
/kaggle/working/images/Midfielder/216194.png,216194,Dani García,CM,Midfielder,2
/kaggle/working/images/Midfielder/240273.png,240273,E. Smith Rowe,CAM,Midfielder,2
/kaggle/working/images/Midfielder/259133.png,259133,K. Leth,RM,Midfielder,2
/kaggle/working/images/Midfielder/226216.png,226216,Bruno Ramires,CM,Midfielder,2
/kaggle/working/images/Midfielder/229092.png,229092,A. Umar,LM,Midfielder,2
/kaggle/working/images/Midfielder/215157.png,215157,F. Lértora,CDM,Midfielder,2
/kaggle/working/images/Midfielder/236381.png,236381,A. Diaby,CDM,Midfielder,2
/kaggle/working/images/Midfielder/229321.png,229321,Amilton,LM,Midfielder,2
/kaggle/working/images/Midfielder/262495.png,262495,Gorka Larrucea,CDM,Midfielder,2
/kaggle/working/images/Midfielder/235844.png,235844,E. Álvarez,CDM,Midfielder,2
/kaggle/working/images/Midfielder/206436.png,206436,Y. Benzia,CAM,Midfielder,2
/kaggle/working/images/Midfielder/238581.png,238581,R. Vargas,LM,Midfielder,2
/kaggle/working/images/Midfielder/242654.png,242654,J. Carbonero,LM,Midfielder,2
/kaggle/working/images/Midfielder/216594.png,216594,N. Fekir,CAM,Midfielder,2
/kaggle/working/images/Midfielder/229123.png,229123,R. Broom,CAM,Midfielder,2
/kaggle/working/images/Midfielder/235987.png,235987,I. Gómez,CDM,Midfielder,2
/kaggle/working/images/Midfielder/250883.png,250883,E. Lombardo,LM,Midfielder,2
/kaggle/working/images/Midfielder/240463.png,240463,M. Al Majhad,CM,Midfielder,2
/kaggle/working/images/Midfielder/260474.png,260474,Kim Bong Soo,CM,Midfielder,2
/kaggle/working/images/Midfielder/246180.png,246180,A. Bates,CM,Midfielder,2
/kaggle/working/images/Midfielder/238965.png,238965,O. Kiomourtzoglou,CDM,Midfielder,2
/kaggle/working/images/Midfielder/235467.png,235467,M. Moreno,CM,Midfielder,2
/kaggle/working/images/Midfielder/211513.png,211513,T. Lawrence,LM,Midfielder,2
/kaggle/working/images/Midfielder/252578.png,252578,A. Šabanadžović,CM,Midfielder,2
/kaggle/working/images/Midfielder/241462.png,241462,R. Guerra,CDM,Midfielder,2
/kaggle/working/images/Midfielder/255174.png,255174,L. Tramoni,RM,Midfielder,2
/kaggle/working/images/Midfielder/188154.png,188154,L. Holtby,CM,Midfielder,2
/kaggle/working/images/Midfielder/253543.png,253543,L. Guerra,CAM,Midfielder,2
/kaggle/working/images/Midfielder/231212.png,231212,E. Rolón,CDM,Midfielder,2
/kaggle/working/images/Midfielder/227911.png,227911,R. Leal,LM,Midfielder,2
/kaggle/working/images/Midfielder/251110.png,251110,Wang Haijian,CM,Midfielder,2
/kaggle/working/images/Midfielder/224509.png,224509,U. Rivas,CM,Midfielder,2
/kaggle/working/images/Midfielder/251628.png,251628,A. Ugur,CM,Midfielder,2
/kaggle/working/images/Midfielder/234912.png,234912,J. Geissmann,CM,Midfielder,2
/kaggle/working/images/Midfielder/238504.png,238504,A. Bassi,CAM,Midfielder,2
/kaggle/working/images/Midfielder/231109.png,231109,A. Ndom,CDM,Midfielder,2
/kaggle/working/images/Midfielder/239957.png,239957,S. Jakubiak,CDM,Midfielder,2
/kaggle/working/images/Midfielder/259805.png,259805,S. Schendl,RM,Midfielder,2
/kaggle/working/images/Midfielder/232787.png,232787,Mateus,RM,Midfielder,2
/kaggle/working/images/Midfielder/222844.png,222844,Walace,CDM,Midfielder,2
/kaggle/working/images/Midfielder/229882.png,229882,Eduardo Henrique,CM,Midfielder,2
/kaggle/working/images/Midfielder/262221.png,262221,L. Valente,CAM,Midfielder,2
/kaggle/working/images/Midfielder/145014.png,145014,Juande,CDM,Midfielder,2
/kaggle/working/images/Midfielder/234927.png,234927,R. Edwards,LM,Midfielder,2
/kaggle/working/images/Midfielder/238227.png,238227,K. Diatta,RM,Midfielder,2
/kaggle/working/images/Midfielder/262888.png,262888,D. Atmaca,LM,Midfielder,2
/kaggle/working/images/Midfielder/212438.png,212438,Kim Dae Gyeong,RM,Midfielder,2
/kaggle/working/images/Midfielder/237407.png,237407,C. Durkin,CM,Midfielder,2
/kaggle/working/images/Midfielder/226789.png,226789,A. Fulgini,CAM,Midfielder,2
/kaggle/working/images/Midfielder/254585.png,254585,J. Palacios,RM,Midfielder,2
/kaggle/working/images/Midfielder/219181.png,219181,Pedro Tiba,CM,Midfielder,2
/kaggle/working/images/Midfielder/261026.png,261026,S. Vargas,LM,Midfielder,2
/kaggle/working/images/Midfielder/171970.png,171970,E. Upson,CM,Midfielder,2
/kaggle/working/images/Midfielder/252260.png,252260,P. Sturm,RM,Midfielder,2
/kaggle/working/images/Midfielder/238684.png,238684,J. Lorch,CDM,Midfielder,2
/kaggle/working/images/Midfielder/228033.png,228033,Chi Zhongguo,CM,Midfielder,2
/kaggle/working/images/Midfielder/237959.png,237959,J. Delem,CDM,Midfielder,2
/kaggle/working/images/Midfielder/181458.png,181458,I. Perišić,LM,Midfielder,2
/kaggle/working/images/Midfielder/247628.png,247628,P. Karuthadathkuni,RM,Midfielder,2
/kaggle/working/images/Midfielder/229723.png,229723,M. Jensen,CM,Midfielder,2
/kaggle/working/images/Midfielder/255367.png,255367,Han Jung Woo,RM,Midfielder,2
/kaggle/working/images/Midfielder/241982.png,241982,E. Watt,CDM,Midfielder,2
/kaggle/working/images/Midfielder/254120.png,254120,T. Doyle,CM,Midfielder,2
/kaggle/working/images/Midfielder/228584.png,228584,A. May,CM,Midfielder,2
/kaggle/working/images/Midfielder/220847.png,220847,M. Maertens,CM,Midfielder,2
/kaggle/working/images/Midfielder/200302.png,200302,G. Shinnie,CDM,Midfielder,2
/kaggle/working/images/Midfielder/251926.png,251926,R. Ndiaye,CDM,Midfielder,2
/kaggle/working/images/Midfielder/193532.png,193532,G. Medel,CDM,Midfielder,2
/kaggle/working/images/Midfielder/201938.png,201938,A. Limbombe,LM,Midfielder,2
/kaggle/working/images/Midfielder/232823.png,232823,H. Kawabe,CM,Midfielder,2
/kaggle/working/images/Midfielder/242271.png,242271,A. Irving,CM,Midfielder,2
/kaggle/working/images/Midfielder/234319.png,234319,L. Travis,CDM,Midfielder,2
/kaggle/working/images/Midfielder/218976.png,218976,M. Caicedo,LM,Midfielder,2
/kaggle/working/images/Midfielder/212989.png,212989,S. Luštica,CM,Midfielder,2
/kaggle/working/images/Midfielder/207948.png,207948,B. Traoré,RM,Midfielder,2
/kaggle/working/images/Midfielder/242648.png,242648,A. Roldan,RM,Midfielder,2
/kaggle/working/images/Midfielder/222300.png,222300,Wang Hao,CDM,Midfielder,2
/kaggle/working/images/Midfielder/213325.png,213325,F. Píriz,CDM,Midfielder,2
/kaggle/working/images/Forward/204350.png,204350,A. Trajkovski,ST,Forward,3
/kaggle/working/images/Forward/240524.png,240524,M. Ebiye,ST,Forward,3
/kaggle/working/images/Forward/243639.png,243639,M. Watters,ST,Forward,3
/kaggle/working/images/Forward/192671.png,192671,M. Rondón,ST,Forward,3
/kaggle/working/images/Forward/257083.png,257083,J. Kadile,LW,Forward,3
/kaggle/working/images/Forward/247463.png,247463,F. Balogun,ST,Forward,3
/kaggle/working/images/Forward/206141.png,206141,K. Coulibaly,ST,Forward,3
/kaggle/working/images/Forward/257073.png,257073,Tiago Tomás,ST,Forward,3
/kaggle/working/images/Forward/216860.png,216860,V. Černý,RW,Forward,3
/kaggle/working/images/Forward/257869.png,257869,J. Jack,ST,Forward,3
/kaggle/working/images/Forward/224881.png,224881,Gustavo,RW,Forward,3
/kaggle/working/images/Forward/206430.png,206430,J. Pigott,ST,Forward,3
/kaggle/working/images/Forward/225455.png,225455,V. Dávila,ST,Forward,3
/kaggle/working/images/Forward/262787.png,262787,O. Schmitt,LW,Forward,3
/kaggle/working/images/Forward/211302.png,211302,G. Lapadula,ST,Forward,3
/kaggle/working/images/Forward/230717.png,230717,T. Kadewere,RW,Forward,3
/kaggle/working/images/Forward/213905.png,213905,S. Gallagher,ST,Forward,3
/kaggle/working/images/Forward/233045.png,233045,I. Ugbo,ST,Forward,3
/kaggle/working/images/Forward/199434.png,199434,D. Tadić,LW,Forward,3
/kaggle/working/images/Forward/240846.png,240846,E. Apeh,ST,Forward,3
/kaggle/working/images/Forward/220829.png,220829,E. Torregrossa,ST,Forward,3
/kaggle/working/images/Forward/262858.png,262858,M. Ugalde,ST,Forward,3
/kaggle/working/images/Forward/252918.png,252918,E. Özkayımoğlu,ST,Forward,3
/kaggle/working/images/Forward/183339.png,183339,J. Berget,RW,Forward,3
/kaggle/working/images/Forward/241191.png,241191,M. Kolar,ST,Forward,3
/kaggle/working/images/Forward/230698.png,230698,Kachi,LW,Forward,3
/kaggle/working/images/Forward/257212.png,257212,Marcos Celorrio,ST,Forward,3
/kaggle/working/images/Forward/159261.png,159261,F. Quagliarella,ST,Forward,3
/kaggle/working/images/Forward/260674.png,260674,A. Maglica,ST,Forward,3
/kaggle/working/images/Forward/264290.png,264290,Pablo Felipe,ST,Forward,3
/kaggle/working/images/Forward/169792.png,169792,J. Rodriguez,ST,Forward,3
/kaggle/working/images/Forward/264573.png,264573,Y. Ruidíaz,ST,Forward,3
/kaggle/working/images/Forward/261072.png,261072,R. Enrique,ST,Forward,3
/kaggle/working/images/Forward/264638.png,264638,G. Larios,RW,Forward,3
/kaggle/working/images/Forward/258906.png,258906,W. Gnonto,CF,Forward,3
/kaggle/working/images/Forward/180818.png,180818,D. McGoldrick,ST,Forward,3
/kaggle/working/images/Forward/213189.png,213189,Joo Min Kyu,ST,Forward,3
/kaggle/working/images/Forward/251445.png,251445,Samuel Lino,ST,Forward,3
/kaggle/working/images/Forward/245766.png,245766,Y. Ohashi,ST,Forward,3
/kaggle/working/images/Forward/229949.png,229949,Anderson Lopes,ST,Forward,3
/kaggle/working/images/Forward/262678.png,262678,D. Sokół,ST,Forward,3
/kaggle/working/images/Forward/262540.png,262540,C. Wagner,ST,Forward,3
/kaggle/working/images/Forward/206521.png,206521,Kim Hyun,ST,Forward,3
/kaggle/working/images/Forward/224179.png,224179,Borja Iglesias,ST,Forward,3
/kaggle/working/images/Forward/183898.png,183898,Á. Di María,RW,Forward,3
/kaggle/working/images/Forward/260359.png,260359,K. Yamashita,ST,Forward,3
/kaggle/working/images/Forward/214000.png,214000,Y. Reyna,ST,Forward,3
/kaggle/working/images/Forward/259751.png,259751,M. Hoppe,ST,Forward,3
/kaggle/working/images/Forward/260895.png,260895,A. Akman,ST,Forward,3
/kaggle/working/images/Forward/228061.png,228061,M. Bali,ST,Forward,3
/kaggle/working/images/Forward/211783.png,211783,Bruno Mendes,ST,Forward,3
/kaggle/working/images/Forward/228717.png,228717,Y. Mutō,ST,Forward,3
/kaggle/working/images/Forward/223790.png,223790,S. Becker,RW,Forward,3
/kaggle/working/images/Forward/259160.png,259160,L. Bell,RW,Forward,3
/kaggle/working/images/Forward/198219.png,198219,L. Insigne,LW,Forward,3
/kaggle/working/images/Forward/208774.png,208774,H. Panayiotou,ST,Forward,3
/kaggle/working/images/Forward/258373.png,258373,M. Danciu,RW,Forward,3
/kaggle/working/images/Forward/228738.png,228738,J. Murillo,RW,Forward,3
/kaggle/working/images/Forward/256324.png,256324,J. Carluccio,LW,Forward,3
/kaggle/working/images/Forward/229072.png,229072,Ł. Sekulski,ST,Forward,3
/kaggle/working/images/Forward/231910.png,231910,Kim Gun Hee,ST,Forward,3
/kaggle/working/images/Forward/263242.png,263242,P. Banaszak,ST,Forward,3
/kaggle/working/images/Forward/235157.png,235157,C. Daferner,ST,Forward,3
/kaggle/working/images/Forward/236803.png,236803,W. Mazzantti,RW,Forward,3
/kaggle/working/images/Forward/261307.png,261307,V. Birmančević,LW,Forward,3
/kaggle/working/images/Forward/244949.png,244949,F. Pierrot,ST,Forward,3
/kaggle/working/images/Forward/254022.png,254022,N. Woltemade,ST,Forward,3
/kaggle/working/images/Forward/241947.png,241947,F. Amuzu,RW,Forward,3
/kaggle/working/images/Forward/231436.png,231436,G. Diangana,LW,Forward,3
/kaggle/working/images/Forward/257959.png,257959,D. Min,ST,Forward,3
/kaggle/working/images/Forward/200446.png,200446,Camilo Sanvezzo,ST,Forward,3
/kaggle/working/images/Forward/184457.png,184457,R. van Wolfswinkel,ST,Forward,3
/kaggle/working/images/Forward/251532.png,251532,M. Elia,ST,Forward,3
/kaggle/working/images/Forward/259926.png,259926,S. Bell,ST,Forward,3
/kaggle/working/images/Forward/223537.png,223537,E. Berggreen,ST,Forward,3
/kaggle/working/images/Forward/251002.png,251002,S. Conteh,RW,Forward,3
/kaggle/working/images/Forward/258558.png,258558,A. Chetri,ST,Forward,3
/kaggle/working/images/Forward/245736.png,245736,Ezequiel,CF,Forward,3
/kaggle/working/images/Forward/195033.png,195033,M. Leckie,RW,Forward,3
/kaggle/working/images/Forward/192930.png,192930,A. Pulido,ST,Forward,3
/kaggle/working/images/Forward/240829.png,240829,E. Amenyido,ST,Forward,3
/kaggle/working/images/Forward/251796.png,251796,Y. Türk,ST,Forward,3
/kaggle/working/images/Forward/240950.png,240950,Pedro Gonçalves,RW,Forward,3
/kaggle/working/images/Forward/202685.png,202685,S. Zaza,ST,Forward,3
/kaggle/working/images/Forward/242090.png,242090,O. Solbakken,LW,Forward,3
/kaggle/working/images/Forward/215689.png,215689,A. Petagna,ST,Forward,3
/kaggle/working/images/Forward/260965.png,260965,Fábio,ST,Forward,3
/kaggle/working/images/Forward/260438.png,260438,A. Rajamohan,CF,Forward,3
/kaggle/working/images/Forward/190813.png,190813,S. El Shaarawy,LW,Forward,3
/kaggle/working/images/Forward/216251.png,216251,S. Hendriks,ST,Forward,3
/kaggle/working/images/Forward/225653.png,225653,G. Kerk,RW,Forward,3
/kaggle/working/images/Forward/230666.png,230666,Gabriel Jesus,ST,Forward,3
/kaggle/working/images/Forward/231887.png,231887,Y. Yazıcı,CF,Forward,3
/kaggle/working/images/Forward/202556.png,202556,M. Depay,CF,Forward,3
/kaggle/working/images/Forward/221197.png,221197,F. Onyedinma,LW,Forward,3
/kaggle/working/images/Forward/225924.png,225924,D. Sosa,LW,Forward,3
/kaggle/working/images/Forward/216795.png,216795,C. Long,ST,Forward,3
/kaggle/working/images/Forward/223113.png,223113,K. Piątek,ST,Forward,3
/kaggle/working/images/Forward/226378.png,226378,R. Ábila,ST,Forward,3
/kaggle/working/images/Forward/257245.png,257245,C. Norton,ST,Forward,3
/kaggle/working/images/Forward/251936.png,251936,P. Petkovski,LW,Forward,3
/kaggle/working/images/Forward/258437.png,258437,E. Emegha,ST,Forward,3
/kaggle/working/images/Forward/252809.png,252809,Jeong Ji Yong,RW,Forward,3
/kaggle/working/images/Forward/240753.png,240753,A. Gouiri,ST,Forward,3
/kaggle/working/images/Forward/225735.png,225735,D. Baumann,ST,Forward,3
/kaggle/working/images/Forward/189485.png,189485,Diego Farías,LW,Forward,3
/kaggle/working/images/Forward/184858.png,184858,Alan Kardec,ST,Forward,3
/kaggle/working/images/Forward/167841.png,167841,C. Maguire,RW,Forward,3
/kaggle/working/images/Forward/261957.png,261957,K. Xamixidin,RW,Forward,3
/kaggle/working/images/Forward/263046.png,263046,O. Strunz,ST,Forward,3
/kaggle/working/images/Forward/212940.png,212940,A. Anani,ST,Forward,3
/kaggle/working/images/Forward/225266.png,225266,M. Rasmussen,LW,Forward,3
/kaggle/working/images/Forward/257612.png,257612,S. Mara,ST,Forward,3
/kaggle/working/images/Forward/264450.png,264450,A. Marcus,RW,Forward,3
/kaggle/working/images/Forward/222671.png,222671,Everaldo,ST,Forward,3
/kaggle/working/images/Forward/208374.png,208374,A. Wooten,ST,Forward,3
/kaggle/working/images/Forward/263984.png,263984,M. Berte,ST,Forward,3
/kaggle/working/images/Forward/232255.png,232255,A. Bouzat,RW,Forward,3
/kaggle/working/images/Forward/255448.png,255448,R. Fili,LW,Forward,3
/kaggle/working/images/Forward/200197.png,200197,N. Blandi,ST,Forward,3
/kaggle/working/images/Forward/256047.png,256047,C. Lungoyi,ST,Forward,3
/kaggle/working/images/Forward/257611.png,257611,S. Sidibe,RW,Forward,3
/kaggle/working/images/Forward/233881.png,233881,N. Robertha,ST,Forward,3
/kaggle/working/images/Forward/248674.png,248674,L. Munteanu,ST,Forward,3
/kaggle/working/images/Forward/189338.png,189338,J. Urretaviscaya,RW,Forward,3
/kaggle/working/images/Forward/255632.png,255632,Yang Yiming,ST,Forward,3
/kaggle/working/images/Forward/232898.png,232898,T. Morishima,CF,Forward,3
/kaggle/working/images/Forward/164464.png,164464,B. Wright-Phillips,ST,Forward,3
/kaggle/working/images/Forward/199451.png,199451,W. Ben Yedder,ST,Forward,3
/kaggle/working/images/Forward/258925.png,258925,Clau Mendes,ST,Forward,3
/kaggle/working/images/Forward/256370.png,256370,G. Ludwigson,CF,Forward,3
/kaggle/working/images/Forward/223248.png,223248,J. Lucero,ST,Forward,3
/kaggle/working/images/Forward/236557.png,236557,O. Patrick,ST,Forward,3
/kaggle/working/images/Forward/264081.png,264081,Pablo Gálvez,ST,Forward,3
/kaggle/working/images/Forward/231777.png,231777,A. Ömür,RW,Forward,3
/kaggle/working/images/Forward/264195.png,264195,Martón,ST,Forward,3
/kaggle/working/images/Forward/261195.png,261195,E. Muçi,CF,Forward,3
/kaggle/working/images/Forward/237502.png,237502,D. Johnsen,LW,Forward,3
/kaggle/working/images/Forward/199774.png,199774,J. Bertilsson,LW,Forward,3
/kaggle/working/images/Forward/210724.png,210724,C. Paterson,ST,Forward,3
/kaggle/working/images/Forward/233254.png,233254,S. Akasaki,ST,Forward,3
/kaggle/working/images/Forward/253004.png,253004,Ansu Fati,LW,Forward,3
/kaggle/working/images/Forward/204853.png,204853,J. White,ST,Forward,3
/kaggle/working/images/Forward/234743.png,234743,A. Muskwe,ST,Forward,3
/kaggle/working/images/Forward/260483.png,260483,G. Nnachi,RW,Forward,3
/kaggle/working/images/Forward/235161.png,235161,J. Maja,ST,Forward,3
/kaggle/working/images/Forward/261176.png,261176,J. López,ST,Forward,3
/kaggle/working/images/Forward/254858.png,254858,C. Saydee,ST,Forward,3
/kaggle/working/images/Forward/139068.png,139068,Nani,LW,Forward,3
/kaggle/working/images/Forward/242012.png,242012,R. Germain,ST,Forward,3
/kaggle/working/images/Forward/201971.png,201971,A. Ienaga,RW,Forward,3
/kaggle/working/images/Forward/216802.png,216802,J. Kaprof,ST,Forward,3
/kaggle/working/images/Forward/233139.png,233139,C. Itten,ST,Forward,3
/kaggle/working/images/Forward/233467.png,233467,D. Vega,LW,Forward,3
/kaggle/working/images/Forward/193338.png,193338,M. Destro,ST,Forward,3
/kaggle/working/images/Forward/256458.png,256458,K. Swaleh,RW,Forward,3
/kaggle/working/images/Forward/238755.png,238755,M. Warming,LW,Forward,3
/kaggle/working/images/Forward/210321.png,210321,R. Quioto,ST,Forward,3
/kaggle/working/images/Forward/212260.png,212260,Hwang Ui Jo,ST,Forward,3
/kaggle/working/images/Forward/247181.png,247181,G. Plata,RW,Forward,3
/kaggle/working/images/Forward/192722.png,192722,R. Hamouma,ST,Forward,3
/kaggle/working/images/Forward/181558.png,181558,R. Armand,ST,Forward,3
/kaggle/working/images/Forward/241983.png,241983,A. Samuels,ST,Forward,3
/kaggle/working/images/Forward/260212.png,260212,T. Nishino,ST,Forward,3
/kaggle/working/images/Forward/202350.png,202350,Fabrício,ST,Forward,3
/kaggle/working/images/Forward/224254.png,224254,C. Pavón,LW,Forward,3
/kaggle/working/images/Forward/240271.png,240271,D. Limnios,RW,Forward,3
/kaggle/working/images/Forward/176137.png,176137,J. Vossen,ST,Forward,3
/kaggle/working/images/Forward/259855.png,259855,E. Shuranov,ST,Forward,3
/kaggle/working/images/Forward/185195.png,185195,O. Ighalo,ST,Forward,3
/kaggle/working/images/Forward/199121.png,199121,H. Radetinac,RW,Forward,3
/kaggle/working/images/Forward/239085.png,239085,E. Haaland,ST,Forward,3
/kaggle/working/images/Forward/262593.png,262593,M. Seiffert,LW,Forward,3
/kaggle/working/images/Forward/251051.png,251051,C. Cherchez,ST,Forward,3
/kaggle/working/images/Forward/259423.png,259423,Iván Azón,ST,Forward,3
/kaggle/working/images/Forward/180902.png,180902,A. Senghor,ST,Forward,3
/kaggle/working/images/Forward/183945.png,183945,F. Brustad,ST,Forward,3
/kaggle/working/images/Forward/185260.png,185260,D. Kadah,ST,Forward,3
/kaggle/working/images/Forward/185068.png,185068,J. Russell,RW,Forward,3
/kaggle/working/images/Forward/217201.png,217201,E. Triverio,ST,Forward,3
/kaggle/working/images/Forward/212075.png,212075,A. Nabbout,RW,Forward,3
/kaggle/working/images/Forward/186140.png,186140,F. Macheda,ST,Forward,3
/kaggle/working/images/Forward/232709.png,232709,D. Batallini,RW,Forward,3
/kaggle/working/images/Forward/262576.png,262576,N. Koutsakos,ST,Forward,3
/kaggle/working/images/Forward/245622.png,245622,S. Machino,ST,Forward,3
/kaggle/working/images/Forward/234180.png,234180,A. Hohberg,LW,Forward,3
/kaggle/working/images/Forward/221445.png,221445,Wu Lei,ST,Forward,3
/kaggle/working/images/Forward/213516.png,213516,Ricardo Horta,CF,Forward,3
/kaggle/working/images/Forward/243034.png,243034,Alfon,ST,Forward,3
/kaggle/working/images/Forward/199386.png,199386,B. Linssen,ST,Forward,3
/kaggle/working/images/Forward/212623.png,212623,Santi Mina,ST,Forward,3
/kaggle/working/images/Forward/238568.png,238568,S. Koruk,ST,Forward,3
/kaggle/working/images/Forward/221539.png,221539,Carrillo,ST,Forward,3
/kaggle/working/images/Forward/264091.png,264091,M. Spiridakis,LW,Forward,3
/kaggle/working/images/Forward/243422.png,243422,Doo Hyun Seok,LW,Forward,3
/kaggle/working/images/Forward/240803.png,240803,J. Eppiah,ST,Forward,3
/kaggle/working/images/Forward/238196.png,238196,A. Sigurðsson,CF,Forward,3
/kaggle/working/images/Forward/197774.png,197774,C. McAleny,LW,Forward,3
/kaggle/working/images/Forward/244040.png,244040,P. Schmidt,ST,Forward,3
/kaggle/working/images/Forward/239669.png,239669,J. Levi,RW,Forward,3
/kaggle/working/images/Forward/260492.png,260492,Eom Ji Sung,RW,Forward,3
/kaggle/working/images/Forward/248328.png,248328,T. Allen,RW,Forward,3
/kaggle/working/images/Forward/221955.png,221955,J. Torres,ST,Forward,3
/kaggle/working/images/Forward/253399.png,253399,O. Edvardsen,RW,Forward,3
/kaggle/working/images/Forward/216749.png,216749,Carlos Mané,RW,Forward,3
/kaggle/working/images/Forward/190311.png,190311,L. Taylor,ST,Forward,3
/kaggle/working/images/Forward/240940.png,240940,R. de la Rosa,ST,Forward,3
/kaggle/working/images/Forward/258532.png,258532,C. Carty,ST,Forward,3
/kaggle/working/images/Forward/223689.png,223689,W. Weghorst,ST,Forward,3
/kaggle/working/images/Forward/198347.png,198347,F. Jara,ST,Forward,3
/kaggle/working/images/Forward/213204.png,213204,S. Lundholm,RW,Forward,3
/kaggle/working/images/Forward/259139.png,259139,David Costa,LW,Forward,3
/kaggle/working/images/Forward/156321.png,156321,A. Akinfenwa,ST,Forward,3
/kaggle/working/images/Forward/260232.png,260232,I. Šaranić,RW,Forward,3
/kaggle/working/images/Forward/201966.png,201966,A. Søderlund,ST,Forward,3
/kaggle/working/images/Forward/259570.png,259570,F. Orozco,LW,Forward,3
/kaggle/working/images/Forward/258623.png,258623,J. Hutchinson,ST,Forward,3
/kaggle/working/images/Forward/220131.png,220131,M. Diagne,ST,Forward,3
/kaggle/working/images/Forward/255809.png,255809,B. Scorza,ST,Forward,3
/kaggle/working/images/Forward/239380.png,239380,N. Lang,LW,Forward,3
/kaggle/working/images/Forward/241428.png,241428,H. Knibbs,ST,Forward,3
/kaggle/working/images/Forward/239842.png,239842,G. Giakoumakis,ST,Forward,3
/kaggle/working/images/Forward/259251.png,259251,A. Valera,ST,Forward,3
/kaggle/working/images/Forward/224201.png,224201,R. Aguirre,ST,Forward,3
/kaggle/working/images/Forward/169586.png,169586,F. Campbell,ST,Forward,3
/kaggle/working/images/Forward/222195.png,222195,Zhao Xuebin,ST,Forward,3
/kaggle/working/images/Forward/228687.png,228687,K. Dolberg,ST,Forward,3
/kaggle/working/images/Forward/252715.png,252715,R. Sila,ST,Forward,3
/kaggle/working/images/Forward/202893.png,202893,R. Riski,ST,Forward,3
/kaggle/working/images/Forward/213181.png,213181,Jo Sung Joon,RW,Forward,3
/kaggle/working/images/Forward/204860.png,204860,K. Hemmings,ST,Forward,3
/kaggle/working/images/Forward/220650.png,220650,M. Lorenzen,LW,Forward,3
/kaggle/working/images/Forward/251762.png,251762,S. Elia,RW,Forward,3
/kaggle/working/images/Forward/255793.png,255793,K. Palomino,LW,Forward,3
/kaggle/working/images/Forward/186562.png,186562,J. Magennis,ST,Forward,3
/kaggle/working/images/Forward/263308.png,263308,A. Marsh,ST,Forward,3
/kaggle/working/images/Forward/252037.png,252037,Fábio Silva,ST,Forward,3
/kaggle/working/images/Forward/251461.png,251461,F. Brizuela,RW,Forward,3
/kaggle/working/images/Forward/236632.png,236632,David Neres,RW,Forward,3
/kaggle/working/images/Forward/261575.png,261575,K. Martínez,ST,Forward,3
/kaggle/working/images/Forward/207828.png,207828,C. Stockton,ST,Forward,3
/kaggle/working/images/Forward/213095.png,213095,L. Cavallini,ST,Forward,3
/kaggle/working/images/Forward/239997.png,239997,Raul Asencio,ST,Forward,3
/kaggle/working/images/Forward/241817.png,241817,E. Taha,ST,Forward,3
/kaggle/working/images/Forward/240032.png,240032,D. González,LW,Forward,3
/kaggle/working/images/Forward/243632.png,243632,C. Abi,ST,Forward,3
/kaggle/working/images/Forward/186627.png,186627,M. Balotelli,ST,Forward,3
/kaggle/working/images/Forward/257080.png,257080,M. Mustapha,ST,Forward,3
/kaggle/working/images/Forward/236276.png,236276,A. Danjuma,LW,Forward,3
/kaggle/working/images/Forward/223997.png,223997,R. Gergel,ST,Forward,3
/kaggle/working/images/Forward/253072.png,253072,D. Núñez,ST,Forward,3
/kaggle/working/images/Forward/232174.png,232174,O. Hawkins,ST,Forward,3
/kaggle/working/images/Forward/241923.png,241923,Vagner,ST,Forward,3
/kaggle/working/images/Forward/253385.png,253385,F. Viñas,ST,Forward,3
/kaggle/working/images/Forward/244706.png,244706,K. Behrens,ST,Forward,3
/kaggle/working/images/Forward/229188.png,229188,V. Pavlidis,ST,Forward,3
/kaggle/working/images/Forward/238273.png,238273,J. Marković,ST,Forward,3
/kaggle/working/images/Forward/241162.png,241162,J. Paintsil,LW,Forward,3
/kaggle/working/images/Forward/223489.png,223489,A. Pešić,ST,Forward,3
/kaggle/working/images/Forward/223771.png,223771,B. Singh,ST,Forward,3
/kaggle/working/images/Forward/188289.png,188289,E. Rivière,ST,Forward,3
/kaggle/working/images/Forward/260061.png,260061,J. Orozco,ST,Forward,3
/kaggle/working/images/Forward/251832.png,251832,H. Vergara,ST,Forward,3
/kaggle/working/images/Forward/191164.png,191164,F. Martínez,ST,Forward,3
/kaggle/working/images/Forward/226568.png,226568,I. Hagi,CF,Forward,3
/kaggle/working/images/Forward/195859.png,195859,D. Ings,ST,Forward,3
/kaggle/working/images/Forward/216322.png,216322,J. Hiwula,LW,Forward,3
/kaggle/working/images/Forward/261257.png,261257,R. Szánthó,RW,Forward,3
/kaggle/working/images/Forward/208675.png,208675,T. Watt,ST,Forward,3
/kaggle/working/images/Forward/243360.png,243360,N. Fröling,CF,Forward,3
/kaggle/working/images/Forward/213949.png,213949,K. Wriedt,ST,Forward,3
/kaggle/working/images/Forward/263068.png,263068,L. Ennali,LW,Forward,3
/kaggle/working/images/Forward/247187.png,247187,Júnior Brumado,ST,Forward,3
/kaggle/working/images/Forward/264257.png,264257,T. Noslin,ST,Forward,3
/kaggle/working/images/Forward/254699.png,254699,K. Toporkiewicz,ST,Forward,3
/kaggle/working/images/Forward/263522.png,263522,J. Sarmiento,RW,Forward,3
/kaggle/working/images/Forward/246431.png,246431,R. Sottil,LW,Forward,3
/kaggle/working/images/Forward/218868.png,218868,A. Silva,RW,Forward,3
/kaggle/working/images/Forward/247899.png,247899,C. Măgureanu,ST,Forward,3
/kaggle/working/images/Forward/192906.png,192906,L. Rodríguez,ST,Forward,3
/kaggle/working/images/Forward/259976.png,259976,J. Stretton,ST,Forward,3
/kaggle/working/images/Forward/171975.png,171975,G. Bergessio,ST,Forward,3
/kaggle/working/images/Forward/252534.png,252534,M. Rodríguez Vejar,ST,Forward,3
/kaggle/working/images/Forward/244947.png,244947,L. Pons,ST,Forward,3
/kaggle/working/images/Forward/251408.png,251408,S. Nurković,ST,Forward,3
/kaggle/working/images/Forward/213634.png,213634,M. Bonne,ST,Forward,3
/kaggle/working/images/Forward/257428.png,257428,G. Vázquez,ST,Forward,3
/kaggle/working/images/Forward/232130.png,232130,V. Kulach,ST,Forward,3
/kaggle/working/images/Forward/209369.png,209369,B. Turgott,ST,Forward,3
/kaggle/working/images/Forward/236782.png,236782,Arthur Gomes,ST,Forward,3
/kaggle/working/images/Forward/252710.png,252710,R. Tachie,ST,Forward,3
/kaggle/working/images/Forward/175943.png,175943,D. Mertens,CF,Forward,3
/kaggle/working/images/Forward/196147.png,196147,G. Moreno,ST,Forward,3
/kaggle/working/images/Forward/237665.png,237665,K. Chinen,ST,Forward,3
/kaggle/working/images/Forward/255217.png,255217,F. Monzón,ST,Forward,3
/kaggle/working/images/Forward/224458.png,224458,Diogo Jota,LW,Forward,3
/kaggle/working/images/Forward/255403.png,255403,D. Ovando,RW,Forward,3
/kaggle/working/images/Forward/244370.png,244370,C. Ekene,ST,Forward,3
/kaggle/working/images/Forward/240654.png,240654,Carles Pérez,RW,Forward,3
/kaggle/working/images/Forward/242612.png,242612,E. Chilufya,LW,Forward,3
/kaggle/working/images/Forward/203287.png,203287,E. Harrison,ST,Forward,3
/kaggle/working/images/Forward/193166.png,193166,G. Madrigal,ST,Forward,3
/kaggle/working/images/Forward/230624.png,230624,U. Nayir,ST,Forward,3
/kaggle/working/images/Forward/173608.png,173608,Joselu,ST,Forward,3
/kaggle/working/images/Forward/194076.png,194076,Airam Cabrera,ST,Forward,3
/kaggle/working/images/Forward/259114.png,259114,O. Romeny,ST,Forward,3
/kaggle/working/images/Forward/223894.png,223894,D. Pecirep,ST,Forward,3
/kaggle/working/images/Forward/246821.png,246821,K. Hernández,RW,Forward,3
/kaggle/working/images/Forward/184747.png,184747,C. Martin,ST,Forward,3
/kaggle/working/images/Forward/234826.png,234826,Toni Martínez,ST,Forward,3
/kaggle/working/images/Forward/219733.png,219733,L. Ajorque,ST,Forward,3
/kaggle/working/images/Forward/222993.png,222993,Y. Kakitani,CF,Forward,3
/kaggle/working/images/Forward/236899.png,236899,A. Sobolev,ST,Forward,3
/kaggle/working/images/Forward/262034.png,262034,R. Mahon,LW,Forward,3
/kaggle/working/images/Forward/257063.png,257063,T. Dolan,RW,Forward,3
/kaggle/working/images/Forward/247122.png,247122,D. Sikan,ST,Forward,3
/kaggle/working/images/Forward/190724.png,190724,M. Pourié,ST,Forward,3
/kaggle/working/images/Forward/206606.png,206606,P. Hofmann,ST,Forward,3
/kaggle/working/images/Forward/231408.png,231408,J. Leko,ST,Forward,3
/kaggle/working/images/Forward/258717.png,258717,E. Ring,ST,Forward,3
/kaggle/working/images/Forward/247086.png,247086,L. Prip,CF,Forward,3
/kaggle/working/images/Forward/177326.png,177326,M. Valbuena,LW,Forward,3
/kaggle/working/images/Forward/193226.png,193226,B. Jeannot,ST,Forward,3
/kaggle/working/images/Forward/264260.png,264260,B. Young,ST,Forward,3
/kaggle/working/images/Forward/41236.png,41236,Z. Ibrahimović,ST,Forward,3
/kaggle/working/images/Forward/220943.png,220943,K. Vassell,ST,Forward,3
/kaggle/working/images/Forward/260779.png,260779,S. Adingra,LW,Forward,3
/kaggle/working/images/Forward/194728.png,194728,I. Belfodil,ST,Forward,3
/kaggle/working/images/Forward/241475.png,241475,P. Soiri,LW,Forward,3
/kaggle/working/images/Forward/234614.png,234614,L. Lumeka,LW,Forward,3
/kaggle/working/images/Forward/255836.png,255836,M. Al Abdulmunem,ST,Forward,3
/kaggle/working/images/Forward/204492.png,204492,P. Breier,ST,Forward,3
/kaggle/working/images/Forward/260080.png,260080,D. Pérez,ST,Forward,3
/kaggle/working/images/Forward/189225.png,189225,B. Fornaroli,ST,Forward,3
/kaggle/working/images/Forward/203304.png,203304,B. Assombalonga,ST,Forward,3
/kaggle/working/images/Forward/215647.png,215647,Juanma,ST,Forward,3
/kaggle/working/images/Forward/259920.png,259920,A. Lindahl,LW,Forward,3
/kaggle/working/images/Forward/253099.png,253099,S. Arce,ST,Forward,3
/kaggle/working/images/Forward/210494.png,210494,M. Schmerböck,ST,Forward,3
/kaggle/working/images/Forward/260264.png,260264,N. Ohio,ST,Forward,3
/kaggle/working/images/Forward/227630.png,227630,C. Kirk,LW,Forward,3
/kaggle/working/images/Forward/199047.png,199047,D. Corcoran,ST,Forward,3
/kaggle/working/images/Forward/229367.png,229367,S. Humphrys,ST,Forward,3
/kaggle/working/images/Forward/205175.png,205175,A. Milik,ST,Forward,3
/kaggle/working/images/Forward/235360.png,235360,R. Ache,ST,Forward,3
/kaggle/working/images/Forward/242664.png,242664,A. Saelemaekers,RW,Forward,3
/kaggle/working/images/Forward/245437.png,245437,A. Gaich,ST,Forward,3
/kaggle/working/images/Forward/205681.png,205681,K. Luckassen,ST,Forward,3
/kaggle/working/images/Forward/254849.png,254849,Y. Badji,ST,Forward,3
/kaggle/working/images/Forward/210244.png,210244,L. Angol,ST,Forward,3
/kaggle/working/images/Forward/253120.png,253120,B. Kone,LW,Forward,3
/kaggle/working/images/Forward/261160.png,261160,B. Sepúlveda,ST,Forward,3
/kaggle/working/images/Forward/256414.png,256414,P. Ferry,ST,Forward,3
/kaggle/working/images/Forward/257414.png,257414,P. Ba,ST,Forward,3
/kaggle/working/images/Forward/257184.png,257184,G. Mollo,ST,Forward,3
/kaggle/working/images/Forward/223929.png,223929,A. Leya Iseka,ST,Forward,3
/kaggle/working/images/Forward/224271.png,224271,T. Goiginger,CF,Forward,3
/kaggle/working/images/Forward/251502.png,251502,M. Abubakari,ST,Forward,3
/kaggle/working/images/Forward/214896.png,214896,P. Mullin,ST,Forward,3
/kaggle/working/images/Forward/212791.png,212791,Kim Seung Dae,ST,Forward,3
/kaggle/working/images/Forward/212248.png,212248,F. Lohkemper,ST,Forward,3
/kaggle/working/images/Forward/255553.png,255553,Kwon Seong Yoon,RW,Forward,3
/kaggle/working/images/Forward/232375.png,232375,T. Umesaki,CF,Forward,3
/kaggle/working/images/Forward/255839.png,255839,J. Antiste,ST,Forward,3
/kaggle/working/images/Forward/257051.png,257051,O. Schönfelder,LW,Forward,3
/kaggle/working/images/Forward/260086.png,260086,Alex Millán,ST,Forward,3
/kaggle/working/images/Forward/204077.png,204077,M. Niang,ST,Forward,3
/kaggle/working/images/Forward/235184.png,235184,D. Ríos,ST,Forward,3
/kaggle/working/images/Forward/190461.png,190461,B. Sigurðarson,ST,Forward,3
/kaggle/working/images/Forward/244322.png,244322,M. Hippolyte,LW,Forward,3
/kaggle/working/images/Forward/210521.png,210521,S. Çikalleshi,ST,Forward,3
/kaggle/working/images/Forward/239418.png,239418,L. Lauberbach,ST,Forward,3
/kaggle/working/images/Forward/253681.png,253681,Ma Fuyu,CF,Forward,3
/kaggle/working/images/Forward/244921.png,244921,Sergio Moreno,ST,Forward,3
/kaggle/working/images/Forward/241202.png,241202,P. Daka,ST,Forward,3
/kaggle/working/images/Forward/246174.png,246174,H. Elliott,RW,Forward,3
/kaggle/working/images/Forward/222352.png,222352,A. Ajeti,ST,Forward,3
/kaggle/working/images/Forward/220148.png,220148,N. Orsini,ST,Forward,3
/kaggle/working/images/Forward/261265.png,261265,L. Richardson,ST,Forward,3
/kaggle/working/images/Forward/200429.png,200429,B. Raman,ST,Forward,3
/kaggle/working/images/Forward/241394.png,241394,A. Akinola,ST,Forward,3
/kaggle/working/images/Forward/237769.png,237769,K. Kitagawa,ST,Forward,3
/kaggle/working/images/Forward/238460.png,238460,R. Brewster,ST,Forward,3
/kaggle/working/images/Forward/206144.png,206144,C. Lyons,ST,Forward,3
/kaggle/working/images/Forward/215441.png,215441,S. Guirassy,ST,Forward,3
/kaggle/working/images/Forward/189505.png,189505,Pedro,CF,Forward,3
/kaggle/working/images/Forward/208054.png,208054,L. Fernández,CF,Forward,3
/kaggle/working/images/Forward/227573.png,227573,D. Nazon,ST,Forward,3
/kaggle/working/images/Forward/242494.png,242494,E. Koljić,ST,Forward,3
/kaggle/working/images/Forward/221595.png,221595,J. Vogliotti,ST,Forward,3
/kaggle/working/images/Forward/258488.png,258488,G. Touré,LW,Forward,3
/kaggle/working/images/Forward/252042.png,252042,João Pedro,ST,Forward,3
/kaggle/working/images/Forward/204399.png,204399,E. Zahavi,ST,Forward,3
/kaggle/working/images/Forward/226286.png,226286,G. Ávalos,ST,Forward,3
/kaggle/working/images/Forward/201924.png,201924,Y. Qasmi,ST,Forward,3
/kaggle/working/images/Forward/246382.png,246382,M. Moro,ST,Forward,3
/kaggle/working/images/Forward/241721.png,241721,Rafael Leão,LW,Forward,3
/kaggle/working/images/Forward/258982.png,258982,C. Cortés,ST,Forward,3
/kaggle/working/images/Forward/262178.png,262178,C. Dehmie,ST,Forward,3
/kaggle/working/images/Forward/215262.png,215262,F. Márquez,ST,Forward,3
/kaggle/working/images/Forward/113555.png,113555,E. Rentería,ST,Forward,3
/kaggle/working/images/Forward/252813.png,252813,Lee Dong Ryul,CF,Forward,3
/kaggle/working/images/Forward/250807.png,250807,H. Dervişoğlu,ST,Forward,3
/kaggle/working/images/Forward/248740.png,248740,G. Ahadme,ST,Forward,3
/kaggle/working/images/Forward/201399.png,201399,M. Icardi,ST,Forward,3
/kaggle/working/images/Forward/204838.png,204838,R. Jiménez,ST,Forward,3
/kaggle/working/images/Forward/259704.png,259704,C. Duarte,ST,Forward,3
/kaggle/working/images/Forward/203038.png,203038,Lucas Piazón,RW,Forward,3
/kaggle/working/images/Forward/254320.png,254320,Jorge Padilla,ST,Forward,3
/kaggle/working/images/Forward/227579.png,227579,D. Hümmet,ST,Forward,3
/kaggle/working/images/Forward/213135.png,213135,D. Origi,ST,Forward,3
/kaggle/working/images/Forward/237179.png,237179,C. Ndiaye,ST,Forward,3
/kaggle/working/images/Forward/244288.png,244288,A. Idah,ST,Forward,3
/kaggle/working/images/Forward/223933.png,223933,G. Nilsson,ST,Forward,3
/kaggle/working/images/Forward/259624.png,259624,M. Romero,ST,Forward,3
/kaggle/working/images/Forward/208017.png,208017,I. Santini,ST,Forward,3
/kaggle/working/images/Forward/199110.png,199110,L. Muriel,ST,Forward,3
/kaggle/working/images/Forward/257518.png,257518,O. Maritu,ST,Forward,3
/kaggle/working/images/Forward/243061.png,243061,Lee Dong Jun,RW,Forward,3
/kaggle/working/images/Forward/235197.png,235197,M. Svensson,LW,Forward,3
/kaggle/working/images/Forward/255867.png,255867,Y. Murillo,ST,Forward,3
/kaggle/working/images/Forward/260506.png,260506,V. Angelov,ST,Forward,3
/kaggle/working/images/Forward/220649.png,220649,S. Vecchia,LW,Forward,3
/kaggle/working/images/Forward/252742.png,252742,T. Chunchukov,ST,Forward,3
/kaggle/working/images/Forward/233732.png,233732,D. Okereke,ST,Forward,3
/kaggle/working/images/Forward/257792.png,257792,A. Allemeersch,ST,Forward,3
/kaggle/working/images/Forward/257512.png,257512,E. Montejano,ST,Forward,3
/kaggle/working/images/Forward/152814.png,152814,Bobô,ST,Forward,3
/kaggle/working/images/Forward/180175.png,180175,Alexandre Pato,ST,Forward,3
/kaggle/working/images/Forward/220893.png,220893,C. Baker-Richardson,ST,Forward,3
/kaggle/working/images/Forward/215170.png,215170,R. Salinas,ST,Forward,3
/kaggle/working/images/Forward/216627.png,216627,K. Moore,ST,Forward,3
/kaggle/working/images/Forward/234286.png,234286,N. Barona,LW,Forward,3
/kaggle/working/images/Forward/263929.png,263929,M. Cancellieri,RW,Forward,3
/kaggle/working/images/Forward/189703.png,189703,T. Viudez,ST,Forward,3
/kaggle/working/images/Forward/262756.png,262756,M. Gumaneh,ST,Forward,3
/kaggle/working/images/Forward/257159.png,257159,Luís Santos,LW,Forward,3
/kaggle/working/images/Forward/260420.png,260420,J. Ramírez,ST,Forward,3
/kaggle/working/images/Forward/255043.png,255043,D. Dike,ST,Forward,3
/kaggle/working/images/Forward/240260.png,240260,S. Sow,LW,Forward,3
/kaggle/working/images/Forward/226537.png,226537,V. Janssen,ST,Forward,3
/kaggle/working/images/Forward/255565.png,255565,K. Mitoma,LW,Forward,3
/kaggle/working/images/Forward/251417.png,251417,E. Hottmann,ST,Forward,3
/kaggle/working/images/Forward/246430.png,246430,D. Vlahović,ST,Forward,3
/kaggle/working/images/Forward/189691.png,189691,D. Ball,ST,Forward,3
/kaggle/working/images/Forward/188397.png,188397,R. Rodelin,LW,Forward,3
/kaggle/working/images/Forward/201978.png,201978,P. Parzyszek,ST,Forward,3
/kaggle/working/images/Forward/228327.png,228327,F. Azemi,ST,Forward,3
/kaggle/working/images/Forward/215808.png,215808,C. Țîră,ST,Forward,3
/kaggle/working/images/Forward/215871.png,215871,A. Jahanbakhsh,RW,Forward,3
/kaggle/working/images/Forward/210954.png,210954,F. Parra,ST,Forward,3
/kaggle/working/images/Forward/225519.png,225519,L. Contin,ST,Forward,3
/kaggle/working/images/Forward/258287.png,258287,V. Lisakovich,ST,Forward,3
/kaggle/working/images/Forward/220633.png,220633,D. Gray,LW,Forward,3
/kaggle/working/images/Forward/241771.png,241771,A. Nwakaeme,LW,Forward,3
/kaggle/working/images/Forward/220815.png,220815,J. Narváez,ST,Forward,3
/kaggle/working/images/Forward/239078.png,239078,S. Schimmer,ST,Forward,3
/kaggle/working/images/Forward/212819.png,212819,K. Nagai,ST,Forward,3
/kaggle/working/images/Forward/200235.png,200235,M. te Vrede,ST,Forward,3
/kaggle/working/images/Forward/261357.png,261357,A. Al Radeef,ST,Forward,3
/kaggle/working/images/Forward/260951.png,260951,J. Kenny,ST,Forward,3
/kaggle/working/images/Forward/188996.png,188996,A. Nuhiu,ST,Forward,3
/kaggle/working/images/Forward/220915.png,220915,G. Moncini,ST,Forward,3
/kaggle/working/images/Forward/243641.png,243641,L. Adžić,LW,Forward,3
/kaggle/working/images/Forward/239624.png,239624,B. Rubio,ST,Forward,3
/kaggle/working/images/Forward/264325.png,264325,M. Satriano,ST,Forward,3
/kaggle/working/images/Forward/253293.png,253293,B. Ocampo,RW,Forward,3
/kaggle/working/images/Forward/254556.png,254556,K. Nsona,LW,Forward,3
/kaggle/working/images/Forward/223857.png,223857,O. Salinas,LW,Forward,3
/kaggle/working/images/Forward/251756.png,251756,R. Nteka,ST,Forward,3
/kaggle/working/images/Forward/177633.png,177633,Ángel,ST,Forward,3
/kaggle/working/images/Forward/25798.png,25798,R. Santa Cruz,ST,Forward,3
/kaggle/working/images/Forward/53655.png,53655,J. Bothroyd,ST,Forward,3
/kaggle/working/images/Forward/258911.png,258911,T. Arokodare,ST,Forward,3
/kaggle/working/images/Forward/257007.png,257007,D. Borkowski,ST,Forward,3
/kaggle/working/images/Forward/250825.png,250825,R. Longman,ST,Forward,3
/kaggle/working/images/Forward/215443.png,215443,P. Zinckernagel,RW,Forward,3
/kaggle/working/images/Forward/257566.png,257566,Pablo Moreno,ST,Forward,3
/kaggle/working/images/Forward/246336.png,246336,M. Miljevic,LW,Forward,3
/kaggle/working/images/Forward/258547.png,258547,L. Lokotsch,ST,Forward,3
/kaggle/working/images/Forward/213619.png,213619,S. Sáez,ST,Forward,3
/kaggle/working/images/Forward/200346.png,200346,M. Żyro,ST,Forward,3
/kaggle/working/images/Forward/231184.png,231184,Guruzeta,ST,Forward,3
/kaggle/working/images/Forward/254889.png,254889,N. Nomura,CF,Forward,3
/kaggle/working/images/Forward/237286.png,237286,A. Connolly,ST,Forward,3
/kaggle/working/images/Forward/231352.png,231352,T. Abraham,ST,Forward,3
/kaggle/working/images/Forward/264055.png,264055,Chen Xiangyu,ST,Forward,3
/kaggle/working/images/Forward/263451.png,263451,F. Galván,ST,Forward,3
/kaggle/working/images/Forward/260991.png,260991,A. Saidi,LW,Forward,3
/kaggle/working/images/Forward/221692.png,221692,C. Bishop,ST,Forward,3
/kaggle/working/images/Forward/222206.png,222206,J. Correa,ST,Forward,3
/kaggle/working/images/Forward/227890.png,227890,Nuno Santos,LW,Forward,3
/kaggle/working/images/Forward/202858.png,202858,F. Castillo,ST,Forward,3
/kaggle/working/images/Forward/241969.png,241969,D. Martinović,ST,Forward,3
/kaggle/working/images/Forward/214350.png,214350,M. Rangel,ST,Forward,3
/kaggle/working/images/Forward/255516.png,255516,G. Mbenza,ST,Forward,3
/kaggle/working/images/Forward/241540.png,241540,T. Goppel,RW,Forward,3
/kaggle/working/images/Forward/263761.png,263761,V. Lind,ST,Forward,3
/kaggle/working/images/Forward/255065.png,255065,T. Cantoro,ST,Forward,3
/kaggle/working/images/Forward/239978.png,239978,D. Man,RW,Forward,3
/kaggle/working/images/Forward/201457.png,201457,V. Oliver,ST,Forward,3
/kaggle/working/images/Forward/197166.png,197166,J. Agudelo,ST,Forward,3
/kaggle/working/images/Forward/214318.png,214318,N. Orellana,LW,Forward,3
/kaggle/working/images/Forward/264306.png,264306,J. Hernández,ST,Forward,3
/kaggle/working/images/Forward/230623.png,230623,S. Bakıs,ST,Forward,3
/kaggle/working/images/Forward/257877.png,257877,J. Adamu,ST,Forward,3
/kaggle/working/images/Forward/260244.png,260244,A. Disaro,ST,Forward,3
/kaggle/working/images/Forward/192270.png,192270,Johnathan,ST,Forward,3
/kaggle/working/images/Forward/213948.png,213948,D. Holmes,RW,Forward,3
/kaggle/working/images/Forward/204908.png,204908,D. Ndongala,RW,Forward,3
/kaggle/working/images/Forward/237023.png,237023,Y. Merdji,ST,Forward,3
/kaggle/working/images/Forward/260941.png,260941,M. Kosidis,ST,Forward,3
/kaggle/working/images/Forward/247885.png,247885,R. Vaca,LW,Forward,3
/kaggle/working/images/Forward/210935.png,210935,D. Berardi,RW,Forward,3
/kaggle/working/images/Forward/211672.png,211672,T. Boyd,RW,Forward,3
/kaggle/working/images/Forward/232489.png,232489,Y. Komai,CF,Forward,3
/kaggle/working/images/Forward/190362.png,190362,T. Pukki,ST,Forward,3
/kaggle/working/images/Forward/260730.png,260730,E. Azcona,LW,Forward,3
/kaggle/working/images/Forward/261015.png,261015,T. Palacios,RW,Forward,3
/kaggle/working/images/Forward/222357.png,222357,B. Embolo,ST,Forward,3
/kaggle/working/images/Forward/158543.png,158543,O. Peralta,ST,Forward,3
/kaggle/working/images/Forward/263239.png,263239,Renato Júnior,ST,Forward,3
/kaggle/working/images/Forward/221479.png,221479,D. Calvert-Lewin,ST,Forward,3
/kaggle/working/images/Forward/244186.png,244186,Luquinhas,CF,Forward,3
/kaggle/working/images/Forward/232585.png,232585,N. Sakai,ST,Forward,3
/kaggle/working/images/Forward/233178.png,233178,M. Köhlert,LW,Forward,3
/kaggle/working/images/Forward/192450.png,192450,A. Cook,ST,Forward,3
/kaggle/working/images/Forward/242166.png,242166,A. Layouni,LW,Forward,3
/kaggle/working/images/Forward/220118.png,220118,I. Bel Hassani,RW,Forward,3
/kaggle/working/images/Forward/262957.png,262957,P. Verkamp,LW,Forward,3
/kaggle/working/images/Forward/257888.png,257888,L. Hakim,ST,Forward,3
/kaggle/working/images/Forward/241138.png,241138,A. Ammitzbøll,ST,Forward,3
/kaggle/working/images/Forward/213152.png,213152,C. Morris,ST,Forward,3
/kaggle/working/images/Forward/247507.png,247507,P. Glatzel,ST,Forward,3
/kaggle/working/images/Forward/193701.png,193701,J. Norwood,ST,Forward,3
/kaggle/working/images/Forward/221264.png,221264,R. Al Ghamdi,ST,Forward,3
/kaggle/working/images/Forward/224520.png,224520,R. Kent,CF,Forward,3
/kaggle/working/images/Forward/220196.png,220196,D. Brooks,RW,Forward,3
/kaggle/working/images/Forward/252468.png,252468,A. Toure,ST,Forward,3
/kaggle/working/images/Forward/239125.png,239125,E. Botheim,ST,Forward,3
/kaggle/working/images/Forward/190239.png,190239,J. Bowery,ST,Forward,3
/kaggle/working/images/Forward/206104.png,206104,S. Dursun,ST,Forward,3
/kaggle/working/images/Forward/226800.png,226800,B. Ashley-Seal,ST,Forward,3
/kaggle/working/images/Forward/189303.png,189303,Nélson Oliveira,ST,Forward,3
/kaggle/working/images/Forward/260268.png,260268,R. Alarcón,ST,Forward,3
/kaggle/working/images/Forward/229731.png,229731,M. Stevens,ST,Forward,3
/kaggle/working/images/Forward/188616.png,188616,M. Sau,CF,Forward,3
/kaggle/working/images/Forward/215332.png,215332,C. Auzqui,ST,Forward,3
/kaggle/working/images/Forward/224301.png,224301,K. Świderski,ST,Forward,3
/kaggle/working/images/Forward/212240.png,212240,K. Karaman,ST,Forward,3
/kaggle/working/images/Forward/222041.png,222041,L. Boyé,ST,Forward,3
/kaggle/working/images/Forward/263955.png,263955,B. Knight,RW,Forward,3
/kaggle/working/images/Forward/220085.png,220085,L. Waldschmidt,CF,Forward,3
/kaggle/working/images/Forward/257899.png,257899,K. Fujimoto,RW,Forward,3
/kaggle/working/images/Forward/240941.png,240941,L. Pintor,RW,Forward,3
/kaggle/working/images/Forward/259997.png,259997,A. Johansson,ST,Forward,3
/kaggle/working/images/Forward/230963.png,230963,Rivaldinho,ST,Forward,3
/kaggle/working/images/Forward/255275.png,255275,M. Iloski,ST,Forward,3
/kaggle/working/images/Forward/245212.png,245212,R. Uldriķis,ST,Forward,3
/kaggle/working/images/Forward/259311.png,259311,R. Danu,ST,Forward,3
/kaggle/working/images/Forward/261666.png,261666,C. Warfield,ST,Forward,3
/kaggle/working/images/Forward/223685.png,223685,O. Rivero,ST,Forward,3
/kaggle/working/images/Forward/202401.png,202401,Patric,ST,Forward,3
/kaggle/working/images/Forward/263486.png,263486,T. Çukur,ST,Forward,3
/kaggle/working/images/Forward/242965.png,242965,F. Hornby,ST,Forward,3
/kaggle/working/images/Forward/252697.png,252697,J. Kadiri,ST,Forward,3
/kaggle/working/images/Forward/260720.png,260720,Léo Ceará,ST,Forward,3
/kaggle/working/images/Forward/228144.png,228144,Jorge Pombo,ST,Forward,3
/kaggle/working/images/Forward/233260.png,233260,A. Vega,ST,Forward,3
/kaggle/working/images/Forward/239646.png,239646,J. Osabutey,ST,Forward,3
/kaggle/working/images/Forward/158023.png,158023,L. Messi,RW,Forward,3
/kaggle/working/images/Forward/263844.png,263844,N. Botic,ST,Forward,3
/kaggle/working/images/Forward/232657.png,232657,M. Guevgeozián,ST,Forward,3
/kaggle/working/images/Forward/229209.png,229209,J. Benítez,LW,Forward,3
/kaggle/working/images/Forward/222394.png,222394,Y. Bnou-Marzouk,ST,Forward,3
/kaggle/working/images/Forward/170733.png,170733,Gervinho,LW,Forward,3
/kaggle/working/images/Forward/260191.png,260191,M. Niang,ST,Forward,3
/kaggle/working/images/Forward/243539.png,243539,K. Yakob,ST,Forward,3
/kaggle/working/images/Forward/257548.png,257548,D. Willms,ST,Forward,3
/kaggle/working/images/Forward/214379.png,214379,A. Rodríguez,ST,Forward,3
/kaggle/working/images/Forward/172555.png,172555,R. Schwartz,ST,Forward,3
/kaggle/working/images/Forward/233141.png,233141,T. Hasegawa,LW,Forward,3
/kaggle/working/images/Forward/222461.png,222461,Rochinha,LW,Forward,3
/kaggle/working/images/Forward/262170.png,262170,F. Draper,ST,Forward,3
/kaggle/working/images/Forward/222590.png,222590,M. Manotas,ST,Forward,3
/kaggle/working/images/Forward/243170.png,243170,F. Apaolaza,ST,Forward,3
/kaggle/working/images/Forward/234376.png,234376,Lourency,LW,Forward,3
/kaggle/working/images/Forward/260942.png,260942,D. Fofana,ST,Forward,3
/kaggle/working/images/Forward/239211.png,239211,B. Moussiti-Oko,ST,Forward,3
/kaggle/working/images/Forward/200826.png,200826,M. Quiroga,ST,Forward,3
/kaggle/working/images/Forward/252167.png,252167,A. Eid,ST,Forward,3
/kaggle/working/images/Forward/217877.png,217877,T. Bongonda,LW,Forward,3
/kaggle/working/images/Forward/258978.png,258978,Y. Gomes,ST,Forward,3
/kaggle/working/images/Forward/242385.png,242385,T. Abraham,ST,Forward,3
/kaggle/working/images/Forward/197932.png,197932,K. Appiah,ST,Forward,3
/kaggle/working/images/Forward/261075.png,261075,Kang Jae Woo,ST,Forward,3
/kaggle/working/images/Forward/220127.png,220127,João Silva,ST,Forward,3
/kaggle/working/images/Forward/49486.png,49486,B. Ogbeche,ST,Forward,3
/kaggle/working/images/Forward/243790.png,243790,Wang Zhen'ao,RW,Forward,3
/kaggle/working/images/Forward/225926.png,225926,Pere Milla,ST,Forward,3
/kaggle/working/images/Forward/236555.png,236555,Guilherme Schettine,ST,Forward,3
/kaggle/working/images/Forward/240663.png,240663,M. Merentiel,ST,Forward,3
/kaggle/working/images/Forward/233825.png,233825,N. Leguizamón,ST,Forward,3
/kaggle/working/images/Forward/262575.png,262575,A. Katsantonis,ST,Forward,3
/kaggle/working/images/Forward/218066.png,218066,M. Samatta,ST,Forward,3
/kaggle/working/images/Forward/227558.png,227558,J. Siebatcheu,ST,Forward,3
/kaggle/working/images/Forward/227527.png,227527,Fábio Abreu,ST,Forward,3
/kaggle/working/images/Forward/260402.png,260402,A. Gilbert,LW,Forward,3
/kaggle/working/images/Forward/234522.png,234522,J. Okkels,LW,Forward,3
/kaggle/working/images/Forward/232225.png,232225,J. Serra,ST,Forward,3
/kaggle/working/images/Forward/233915.png,233915,J. Ponticelli,ST,Forward,3
/kaggle/working/images/Forward/205081.png,205081,Diego Oliveira,ST,Forward,3
/kaggle/working/images/Forward/166114.png,166114,C. Kazim-Richards,ST,Forward,3
/kaggle/working/images/Forward/243159.png,243159,A. Awad,ST,Forward,3
/kaggle/working/images/Forward/245733.png,245733,H. Weydandt,ST,Forward,3
/kaggle/working/images/Forward/221774.png,221774,Fernando Karanga,ST,Forward,3
/kaggle/working/images/Forward/263921.png,263921,M. Altıntaş,LW,Forward,3
/kaggle/working/images/Forward/251412.png,251412,S. Weissman,ST,Forward,3
/kaggle/working/images/Forward/221815.png,221815,Yang Chaosheng,CF,Forward,3
/kaggle/working/images/Forward/188166.png,188166,M. Phillips,RW,Forward,3
/kaggle/working/images/Forward/231616.png,231616,E. Riis,ST,Forward,3
/kaggle/working/images/Forward/226084.png,226084,R. Hardie,ST,Forward,3
/kaggle/working/images/Forward/192165.png,192165,Paulinho,ST,Forward,3
/kaggle/working/images/Forward/261759.png,261759,B. Redžić,LW,Forward,3
/kaggle/working/images/Forward/248399.png,248399,C. Stan,RW,Forward,3
/kaggle/working/images/Forward/214777.png,214777,L. Díaz,ST,Forward,3
/kaggle/working/images/Forward/253364.png,253364,J. Chalá,RW,Forward,3
/kaggle/working/images/Forward/240317.png,240317,Ž. Celar,ST,Forward,3
/kaggle/working/images/Forward/202925.png,202925,C. Kouakou,ST,Forward,3
/kaggle/working/images/Forward/258749.png,258749,S. Tovide,ST,Forward,3
/kaggle/working/images/Forward/212478.png,212478,G. Zardes,ST,Forward,3
/kaggle/working/images/Forward/218343.png,218343,R. Hedges,RW,Forward,3
/kaggle/working/images/Forward/258508.png,258508,E. Nnamani,RW,Forward,3
/kaggle/working/images/Forward/242183.png,242183,D. Otto,ST,Forward,3
/kaggle/working/images/Forward/255224.png,255224,S. Zobo,ST,Forward,3
/kaggle/working/images/Forward/169216.png,169216,S. Long,ST,Forward,3
/kaggle/working/images/Forward/260558.png,260558,R. Khadra,RW,Forward,3
/kaggle/working/images/Forward/259713.png,259713,A. Jasson,RW,Forward,3
/kaggle/working/images/Forward/239873.png,239873,A. Sobczyk,ST,Forward,3
/kaggle/working/images/Forward/246672.png,246672,Barrenetxea,LW,Forward,3
/kaggle/working/images/Forward/236222.png,236222,D. Rodney,ST,Forward,3
/kaggle/working/images/Forward/253749.png,253749,Wen Tianpeng,ST,Forward,3
/kaggle/working/images/Forward/258685.png,258685,J. Muleka,ST,Forward,3
/kaggle/working/images/Forward/204529.png,204529,M. Batshuayi,ST,Forward,3
/kaggle/working/images/Forward/224770.png,224770,S. Kashket,ST,Forward,3
/kaggle/working/images/Forward/246044.png,246044,Andrés Martín,ST,Forward,3
/kaggle/working/images/Forward/252796.png,252796,M. Whittaker,ST,Forward,3
/kaggle/working/images/Forward/228668.png,228668,M. Taylor,ST,Forward,3
/kaggle/working/images/Forward/243537.png,243537,M. Breunig,ST,Forward,3
/kaggle/working/images/Forward/210617.png,210617,Samu Castillejo,RW,Forward,3
/kaggle/working/images/Forward/262447.png,262447,A. Compagno,ST,Forward,3
/kaggle/working/images/Forward/183706.png,183706,M. Waghorn,ST,Forward,3
/kaggle/working/images/Forward/262539.png,262539,I. Said,RW,Forward,3
/kaggle/working/images/Forward/254456.png,254456,R. Huaccha,ST,Forward,3
/kaggle/working/images/Forward/210011.png,210011,T. Ondaan,ST,Forward,3
/kaggle/working/images/Forward/260290.png,260290,M. Pieringer,ST,Forward,3
/kaggle/working/images/Forward/244778.png,244778,Trincão,RW,Forward,3
/kaggle/working/images/Forward/258452.png,258452,T. Cseri,LW,Forward,3
/kaggle/working/images/Forward/189446.png,189446,J. Stanislas,LW,Forward,3
/kaggle/working/images/Forward/208722.png,208722,S. Mané,LW,Forward,3
/kaggle/working/images/Forward/259750.png,259750,I. Matanović,ST,Forward,3
/kaggle/working/images/Forward/255434.png,255434,J. Enciso,RW,Forward,3
/kaggle/working/images/Forward/213117.png,213117,S. Lex,CF,Forward,3
/kaggle/working/images/Forward/242716.png,242716,C. Baird,ST,Forward,3
/kaggle/working/images/Forward/258668.png,258668,N. Melvin-Lambert,ST,Forward,3
/kaggle/working/images/Forward/261636.png,261636,Felippe Cardoso,ST,Forward,3
/kaggle/working/images/Forward/184467.png,184467,N. Delfouneso,ST,Forward,3
/kaggle/working/images/Forward/258942.png,258942,O. Popescu,LW,Forward,3
/kaggle/working/images/Forward/202220.png,202220,C. Sapong,ST,Forward,3
/kaggle/working/images/Forward/251224.png,251224,P. Besong,ST,Forward,3
/kaggle/working/images/Forward/171579.png,171579,Raúl García,ST,Forward,3
/kaggle/working/images/Forward/201153.png,201153,Morata,ST,Forward,3
/kaggle/working/images/Forward/163828.png,163828,A. Le Fondre,ST,Forward,3
/kaggle/working/images/Forward/251342.png,251342,B. Pichler,ST,Forward,3
/kaggle/working/images/Forward/190939.png,190939,S. Chhetri,ST,Forward,3
/kaggle/working/images/Forward/201942.png,201942,Roberto Firmino,CF,Forward,3
/kaggle/working/images/Forward/264104.png,264104,W. Goodwin,ST,Forward,3
/kaggle/working/images/Forward/223231.png,223231,F. Tănase,CF,Forward,3
/kaggle/working/images/Forward/232553.png,232553,R. Matsuda,ST,Forward,3
/kaggle/working/images/Forward/247636.png,247636,A. Perez,RW,Forward,3
/kaggle/working/images/Forward/202686.png,202686,N. Wells,ST,Forward,3
/kaggle/working/images/Forward/253225.png,253225,A. Tapsoba,RW,Forward,3
/kaggle/working/images/Forward/216218.png,216218,L. Shankland,ST,Forward,3
/kaggle/working/images/Forward/259962.png,259962,G. Del Prete,ST,Forward,3
/kaggle/working/images/Forward/225317.png,225317,K. Nisbet,ST,Forward,3
/kaggle/working/images/Forward/207741.png,207741,M. Lieder,ST,Forward,3
/kaggle/working/images/Forward/235410.png,235410,Y. En-Nesyri,ST,Forward,3
/kaggle/working/images/Forward/257172.png,257172,K. Caliskaner,ST,Forward,3
/kaggle/working/images/Forward/242002.png,242002,G. Mainero,RW,Forward,3
/kaggle/working/images/Forward/235194.png,235194,G. Vrioni,ST,Forward,3
/kaggle/working/images/Forward/262538.png,262538,Y. Bakiz,LW,Forward,3
/kaggle/working/images/Forward/253438.png,253438,G. Merloi,RW,Forward,3
/kaggle/working/images/Forward/192629.png,192629,Iago Aspas,ST,Forward,3
/kaggle/working/images/Forward/215043.png,215043,S. Pol,ST,Forward,3
/kaggle/working/images/Forward/246834.png,246834,Rúben Macedo,RW,Forward,3
/kaggle/working/images/Forward/163050.png,163050,B. Sharp,ST,Forward,3
/kaggle/working/images/Forward/163990.png,163990,J. Mulenga,ST,Forward,3
/kaggle/working/images/Forward/215061.png,215061,D. Benedetto,ST,Forward,3
/kaggle/working/images/Forward/245732.png,245732,A. Kampetsis,LW,Forward,3
/kaggle/working/images/Forward/217202.png,217202,L. Rinaldi,ST,Forward,3
/kaggle/working/images/Forward/223206.png,223206,C. Ortiz,CF,Forward,3
/kaggle/working/images/Forward/253242.png,253242,A. Martínez,ST,Forward,3
/kaggle/working/images/Forward/260512.png,260512,F. Abastoflor,LW,Forward,3
/kaggle/working/images/Forward/259270.png,259270,R. Luna,RW,Forward,3
/kaggle/working/images/Forward/258316.png,258316,E. Dinkçi,RW,Forward,3
/kaggle/working/images/Forward/206134.png,206134,D. Cole,ST,Forward,3
/kaggle/working/images/Forward/261478.png,261478,A. Douvikas,ST,Forward,3
/kaggle/working/images/Forward/210901.png,210901,F. Al Johani,ST,Forward,3
/kaggle/working/images/Forward/259922.png,259922,V. Dahlström,ST,Forward,3
/kaggle/working/images/Forward/237833.png,237833,M. Harris,ST,Forward,3
/kaggle/working/images/Forward/243831.png,243831,B. Radulović,ST,Forward,3
/kaggle/working/images/Forward/231864.png,231864,M. van Bergen,RW,Forward,3
/kaggle/working/images/Forward/254723.png,254723,L. González,RW,Forward,3
/kaggle/working/images/Forward/212000.png,212000,E. Berko,ST,Forward,3
/kaggle/working/images/Forward/262355.png,262355,Y. Bahassa,RW,Forward,3
/kaggle/working/images/Forward/202276.png,202276,S. Zoller,ST,Forward,3
/kaggle/working/images/Forward/236940.png,236940,Darío Poveda,ST,Forward,3
/kaggle/working/images/Forward/205970.png,205970,J. Wallace,RW,Forward,3
/kaggle/working/images/Forward/223994.png,223994,S. Mugoša,ST,Forward,3
/kaggle/working/images/Forward/223283.png,223283,F. Diédhiou,ST,Forward,3
/kaggle/working/images/Forward/262514.png,262514,N. Muci,ST,Forward,3
/kaggle/working/images/Forward/238464.png,238464,J. Mlakar,ST,Forward,3
/kaggle/working/images/Forward/212933.png,212933,L. Depoitre,ST,Forward,3
/kaggle/working/images/Forward/251229.png,251229,K. Yeboah,ST,Forward,3
/kaggle/working/images/Forward/261618.png,261618,Leonço,ST,Forward,3
/kaggle/working/images/Forward/232381.png,232381,Wesley,ST,Forward,3
/kaggle/working/images/Forward/244389.png,244389,Fernando,ST,Forward,3
/kaggle/working/images/Forward/238487.png,238487,O. Alfa,LW,Forward,3
/kaggle/working/images/Forward/200086.png,200086,M. Jankowski,ST,Forward,3
/kaggle/working/images/Forward/263215.png,263215,Ren Lihao,RW,Forward,3
/kaggle/working/images/Forward/213694.png,213694,K. Gorré,LW,Forward,3
/kaggle/working/images/Forward/236533.png,236533,R. Glatzel,ST,Forward,3
/kaggle/working/images/Forward/228741.png,228741,R. Ballivián,RW,Forward,3
/kaggle/working/images/Forward/251980.png,251980,T. Tushi,ST,Forward,3
/kaggle/working/images/Forward/226777.png,226777,C. Larin,ST,Forward,3
/kaggle/working/images/Forward/208540.png,208540,A. Schoenfeld,ST,Forward,3
/kaggle/working/images/Forward/241499.png,241499,C. Garcés,ST,Forward,3
/kaggle/working/images/Forward/251570.png,251570,R. Cherki,RW,Forward,3
/kaggle/working/images/Forward/241695.png,241695,J. Amon,LW,Forward,3
/kaggle/working/images/Forward/261990.png,261990,L. Rodríguez,ST,Forward,3
/kaggle/working/images/Forward/222654.png,222654,J. Beesley,ST,Forward,3
/kaggle/working/images/Forward/237461.png,237461,C. Colmán,ST,Forward,3
/kaggle/working/images/Forward/212613.png,212613,W. Saïd,ST,Forward,3
/kaggle/working/images/Forward/187337.png,187337,G. Molins,ST,Forward,3
/kaggle/working/images/Forward/188058.png,188058,A. Kravets,ST,Forward,3
/kaggle/working/images/Forward/232432.png,232432,L. Jović,ST,Forward,3
/kaggle/working/images/Forward/230121.png,230121,V. Sanogo,ST,Forward,3
/kaggle/working/images/Forward/213871.png,213871,K. Junker,ST,Forward,3
/kaggle/working/images/Forward/189536.png,189536,D. Čop,ST,Forward,3
/kaggle/working/images/Forward/224854.png,224854,L. Passerini,ST,Forward,3
/kaggle/working/images/Forward/209780.png,209780,S. Schrijvers,CF,Forward,3
/kaggle/working/images/Forward/236988.png,236988,E. Nketiah,ST,Forward,3
/kaggle/working/images/Forward/258654.png,258654,D. Vizinger,ST,Forward,3
/kaggle/working/images/Forward/176542.png,176542,C. Valencia,ST,Forward,3
/kaggle/working/images/Forward/192778.png,192778,I. Mboyo,ST,Forward,3
/kaggle/working/images/Forward/207491.png,207491,R. Gaffney,ST,Forward,3
/kaggle/working/images/Forward/232614.png,232614,Y. Minagawa,ST,Forward,3
/kaggle/working/images/Forward/263094.png,263094,M. Wallner,LW,Forward,3
/kaggle/working/images/Forward/212156.png,212156,S. Rincón,RW,Forward,3
/kaggle/working/images/Forward/250835.png,250835,M. Noubissi,ST,Forward,3
/kaggle/working/images/Forward/165889.png,165889,Park Chu Young,ST,Forward,3
/kaggle/working/images/Forward/181820.png,181820,S. Jovetić,ST,Forward,3
/kaggle/working/images/Forward/206518.png,206518,C. Robinson,ST,Forward,3
/kaggle/working/images/Forward/245263.png,245263,A. Stephens,ST,Forward,3
/kaggle/working/images/Forward/247200.png,247200,A. Mance,ST,Forward,3
/kaggle/working/images/Forward/260192.png,260192,A. Hackford,ST,Forward,3
/kaggle/working/images/Forward/255578.png,255578,Júnior Santos,ST,Forward,3
/kaggle/working/images/Forward/229167.png,229167,M. Rashica,CF,Forward,3
/kaggle/working/images/Forward/200489.png,200489,Douglas Vieira,ST,Forward,3
/kaggle/working/images/Forward/222729.png,222729,Gustavo,ST,Forward,3
/kaggle/working/images/Forward/251582.png,251582,A. Szőke,ST,Forward,3
/kaggle/working/images/Forward/237699.png,237699,Z. Dearnley,ST,Forward,3
/kaggle/working/images/Forward/211143.png,211143,J. Ironside,ST,Forward,3
/kaggle/working/images/Forward/241964.png,241964,D. Angus,ST,Forward,3
/kaggle/working/images/Forward/258820.png,258820,F. Ristanic,ST,Forward,3
/kaggle/working/images/Forward/211395.png,211395,A. Al Salem,ST,Forward,3
/kaggle/working/images/Forward/192537.png,192537,M. Lestienne,LW,Forward,3
/kaggle/working/images/Forward/197981.png,197981,S. Makienok,ST,Forward,3
/kaggle/working/images/Forward/238938.png,238938,B. Girth,ST,Forward,3
/kaggle/working/images/Forward/211591.png,211591,M. Dembélé,ST,Forward,3
/kaggle/working/images/Forward/220287.png,220287,J. Dinenno,ST,Forward,3
/kaggle/working/images/Forward/200980.png,200980,S. Lawless,RW,Forward,3
/kaggle/working/images/Forward/243960.png,243960,M. Broschinski,ST,Forward,3
/kaggle/working/images/Forward/235513.png,235513,S. Ganvoula,ST,Forward,3
/kaggle/working/images/Forward/223137.png,223137,F. Bonazzoli,ST,Forward,3
/kaggle/working/images/Forward/235320.png,235320,B. Johnsen,ST,Forward,3
/kaggle/working/images/Forward/214096.png,214096,T. Kleindienst,ST,Forward,3
/kaggle/working/images/Forward/215292.png,215292,M. Cauteruccio,ST,Forward,3
/kaggle/working/images/Forward/255853.png,255853,Y. Yuzawa,LW,Forward,3
/kaggle/working/images/Forward/229556.png,229556,Allano,LW,Forward,3
/kaggle/working/images/Forward/234902.png,234902,K. Duah,ST,Forward,3
/kaggle/working/images/Forward/260800.png,260800,J. Trauco,LW,Forward,3
/kaggle/working/images/Forward/260139.png,260139,R. Morales,ST,Forward,3
/kaggle/working/images/Forward/197238.png,197238,I. Baldé,ST,Forward,3
/kaggle/working/images/Forward/230982.png,230982,M. Roman,ST,Forward,3
/kaggle/working/images/Forward/258947.png,258947,Y. Alounga,ST,Forward,3
/kaggle/working/images/Forward/242952.png,242952,S. Bareiro,ST,Forward,3
/kaggle/working/images/Forward/165429.png,165429,C. Keșerü,ST,Forward,3
/kaggle/working/images/Forward/262490.png,262490,Koldo Obieta,ST,Forward,3
/kaggle/working/images/Forward/254925.png,254925,J. March,ST,Forward,3
